archetype	difficulty	seed	gid	subpattern	점검 포인트	문항 요약
nes.root.param_condition	hard	seed 0	044fdafa-fe14-501b-a52a-aaacdfc0c029	nes.root.param_condition/ask_solution	질문이 묻는 양=정답 선지 / 지문 문자·수치↔식 일치 / 조건(해의 개수·합·곱 등)을 식으로 옮긴 것이 문장과 일치하는가	Last week, a teaching assistant is checking a quiz question before an exam and plans to post the answer later. In the given equation, p is a positive constant such that the equation has exactly one real solution. $x^2 + px + 49 = 
nes.root.param_condition	hard	seed 1	6f9ae406-121a-5063-acc8-2b0676d0edc3	nes.root.param_condition/ask_constant	질문이 묻는 양=정답 선지 / 지문 문자·수치↔식 일치 / 조건(해의 개수·합·곱 등)을 식으로 옮긴 것이 문장과 일치하는가	For extra practice, a teaching assistant is presenting an old test item with a partner and wants to double-check the result. In the given equation, b is a positive constant, and the equation has a single real solution. $x^2 + bx +
nes.root.constraint_select	hard	seed 0	552c3017-519a-5fe4-a9cb-445f0718b724	nes.root.constraint_select/radical_equation	질문이 묻는 양=정답 선지 / 지문 문자·수치↔식 일치 / 제약(양수·외래근·사분면) 적용 후 고른 값이 조건에 맞는가	During tutoring, a student is revising a review exercise for a math contest and plans to post the answer later. Consider the equation below. $\sqrt{x + 27} = x - 3$ What is the solution of the equation? ⟶ 정답 9
nes.root.constraint_select	hard	seed 1	14258fa2-3a47-582f-a596-aece4c291099	nes.root.constraint_select/radical_equation	질문이 묻는 양=정답 선지 / 지문 문자·수치↔식 일치 / 제약(양수·외래근·사분면) 적용 후 고른 값이 조건에 맞는가	Last week, a study group is revising a worksheet problem for a unit review and wants to double-check the result. For the equation shown, x is a real number. $\sqrt{x + 3} = x - 3$ What is the solution of the equation? ⟶ 정답 6
nes.root.chain2	hard	seed 0	6f91b0b0-9497-53f0-a943-ffb7804228e8	nes.root.chain2/larger	질문이 묻는 양=정답 선지 / 지문 문자·수치↔식 일치 / 앞 단계 결과가 둘째 식에 올바르게 대입돼 읽히는가(문자 k 의 의미)	As part of a unit review, a teaching assistant is checking a review exercise with a partner and wants to see a clean solution. Suppose k is the larger solution of $x^2 - 2x - 15 = 0$. Now consider a second equation, written with k
nes.root.chain2	hard	seed 1	54e13f76-8238-5831-ad40-5375a08895a0	nes.root.chain2/smaller	질문이 묻는 양=정답 선지 / 지문 문자·수치↔식 일치 / 앞 단계 결과가 둘째 식에 올바르게 대입돼 읽히는가(문자 k 의 의미)	During tutoring, a tutor is preparing a warm-up question during a study session and wonders which method is fastest. Let k be the larger solution of the equation $x^2 - x = 0$. A second equation is built from k: $x^2 - 2kx + k^2 -
nes.root.inverse	hard	seed 0	c86b557b-89d1-50a7-acc1-887c393c8cda	nes.root.inverse/sum_coeffs	질문이 묻는 양=정답 선지 / 지문 문자·수치↔식 일치 / 주어진 결과에서 거꾸로 구한 값이 지문 수치와 맞는가(정방향 재계산 일치)	At the start of class, a tutor is reviewing a warm-up question with a partner and tries a different approach. In the given equation, m and n are constants. One solution of the equation is 1, and the other solution is 3 less than t
nes.root.inverse	hard	seed 1	34d335cb-30f3-587b-a7f6-dc1999f2aecf	nes.root.inverse/diff_coeffs	질문이 묻는 양=정답 선지 / 지문 문자·수치↔식 일치 / 주어진 결과에서 거꾸로 구한 값이 지문 수치와 맞는가(정방향 재계산 일치)	For extra practice, a quiz writer is checking a worksheet problem during a study session and wants to double-check the result. In the equation given here, b and c are constants. One solution of the equation is 3, and the other sol
nes.sum_of_roots.inverse	hard	seed 0	d91357c3-615d-58c3-ac03-73fa90d35838	nes.sum_of_roots.inverse/rearranged_form	질문이 묻는 양=정답 선지 / 지문 문자·수치↔식 일치 / 주어진 결과에서 거꾸로 구한 값이 지문 수치와 맞는가(정방향 재계산 일치)	Last week, a club advisor is revising a review exercise for a unit review and tries a different approach. Consider the equation below, which has two real solutions, where m and k are constants. The sum of the solutions is 12, and 
nes.sum_of_roots.inverse	hard	seed 1	af8e7522-533f-5cbe-aeda-82bb4a26747c	nes.sum_of_roots.inverse/rearranged_form	질문이 묻는 양=정답 선지 / 지문 문자·수치↔식 일치 / 주어진 결과에서 거꾸로 구한 값이 지문 수치와 맞는가(정방향 재계산 일치)	For extra practice, a math teacher is grading a worksheet problem for a math contest and wants to see a clean solution. The equation below has two real solutions, where m and k are constants. The sum of the solutions is -8, and th
nes.sum_of_roots.param_condition	hard	seed 0	b41639eb-a6be-561b-af4e-6011db86bab5	nes.sum_of_roots.param_condition/param_sum_condition	질문이 묻는 양=정답 선지 / 지문 문자·수치↔식 일치 / 조건(해의 개수·합·곱 등)을 식으로 옮긴 것이 문장과 일치하는가	During tutoring, a textbook author is reviewing a worksheet problem for a math contest and wonders which method is fastest. In the given equation, k is a constant. The equation has two real solutions, and the sum of the solutions 
nes.sum_of_roots.param_condition	hard	seed 1	76c94e23-e762-57e6-ab74-bf768cf5c454	nes.sum_of_roots.param_condition/param_sum_condition	질문이 묻는 양=정답 선지 / 지문 문자·수치↔식 일치 / 조건(해의 개수·합·곱 등)을 식으로 옮긴 것이 문장과 일치하는가	At the start of class, a quiz writer is working through a practice problem at the whiteboard and wants to double-check the result. In the given equation, k is a constant. The equation has two real solutions, and the sum of the sol
nes.sum_of_roots.compose_kind	hard	seed 0	9c486bcb-0e1f-5852-ac0c-e96e6d3a5ba0	nes.sum_of_roots.compose_kind/sum_of_y	질문이 묻는 양=정답 선지 / 지문 문자·수치↔식 일치 / 합성한 두 개념의 순서·연결(앞 결과가 뒤 입력)이 문장과 맞는가	In a practice session, a student is presenting an old test item with a partner and hopes to explain it clearly. A parabola and a line are given by the equations below, and they cross at two points in the xy-plane. $y = x^2 - 4x - 
nes.sum_of_roots.compose_kind	hard	seed 1	31cf5597-c48b-5471-a2f8-2de4a427b7ff	nes.sum_of_roots.compose_kind/sum_of_x	질문이 묻는 양=정답 선지 / 지문 문자·수치↔식 일치 / 합성한 두 개념의 순서·연결(앞 결과가 뒤 입력)이 문장과 맞는가	Last week, a study group is working through a warm-up question for a math contest and wants to double-check the result. The graphs of the two equations below intersect at two points in the xy-plane. $y = x^2 - 6x - 5$ $y = -7x + 1
nes.sum_of_roots.chain2	hard	seed 0	f7b41781-37ce-5eea-a466-5eb1fe3f4d1d	nes.sum_of_roots.chain2/sum_then_leading_coefficient	질문이 묻는 양=정답 선지 / 지문 문자·수치↔식 일치 / 앞 단계 결과가 둘째 식에 올바르게 대입돼 읽히는가(문자 k 의 의미)	Today, a quiz writer is grading a homework item for the class and is unsure where to begin. Let k represent the sum of the two solutions of $x^2 - 14x + 48 = 0$. A second equation is given below: $kx^2 + 14x - 4 = 0$ Find the sum 
nes.sum_of_roots.chain2	hard	seed 1	bf24f5c2-85b5-5253-aa23-4914844abd4e	nes.sum_of_roots.chain2/sum_then_leading_coefficient	질문이 묻는 양=정답 선지 / 지문 문자·수치↔식 일치 / 앞 단계 결과가 둘째 식에 올바르게 대입돼 읽히는가(문자 k 의 의미)	Last week, a tutor is writing up a homework item at the whiteboard and plans to post the answer later. Let k be the sum of the solutions of the equation $x^2 - 5x + 6 = 0$. Consider the second equation below, which uses k: $kx^2 -
nes.product_of_roots.inverse	hard	seed 0	04c2ba37-4f6a-5642-ad91-43b4482ba987	nes.product_of_roots.inverse/leading_coefficient_inverse	질문이 묻는 양=정답 선지 / 지문 문자·수치↔식 일치 / 주어진 결과에서 거꾸로 구한 값이 지문 수치와 맞는가(정방향 재계산 일치)	Last week, a math teacher is revising a warm-up question for a math contest and wants to see a clean solution. In the equation given here, k is a positive integer, and the equation has two real solutions whose product is -4. $kx^2
nes.product_of_roots.inverse	hard	seed 1	27591b79-89bd-5829-a0a4-dfc87f0d75c6	nes.product_of_roots.inverse/leading_coefficient_inverse	질문이 묻는 양=정답 선지 / 지문 문자·수치↔식 일치 / 주어진 결과에서 거꾸로 구한 값이 지문 수치와 맞는가(정방향 재계산 일치)	During tutoring, an instructor is revising a worksheet problem for the class and hopes to explain it clearly. In the given equation, k is a positive integer, and the equation has two real solutions whose product is -10. $kx^2 - 12
nes.product_of_roots.param_condition	hard	seed 0	bdcb104b-7b84-561a-a7fa-5b7baada1723	nes.product_of_roots.param_condition/param_product_condition	질문이 묻는 양=정답 선지 / 지문 문자·수치↔식 일치 / 조건(해의 개수·합·곱 등)을 식으로 옮긴 것이 문장과 일치하는가	During tutoring, a math teacher is grading a homework item at the whiteboard and plans to post the answer later. In the given equation, k is a constant. The equation has two real solutions, and the product of the solutions is 24. 
nes.product_of_roots.param_condition	hard	seed 1	a03d2860-f692-5ebe-a6ca-3497570c0b05	nes.product_of_roots.param_condition/param_product_condition	질문이 묻는 양=정답 선지 / 지문 문자·수치↔식 일치 / 조건(해의 개수·합·곱 등)을 식으로 옮긴 것이 문장과 일치하는가	For extra practice, a textbook author is preparing a warm-up question for a math contest and wants to see a clean solution. For the equation shown, k is a constant. The equation has two real solutions, and the product of the solut
nes.product_of_roots.compose_kind	hard	seed 0	c4f59606-4932-5733-a1bc-e557eecfcae8	nes.product_of_roots.compose_kind/two_positive_t	질문이 묻는 양=정답 선지 / 지문 문자·수치↔식 일치 / 합성한 두 개념의 순서·연결(앞 결과가 뒤 입력)이 문장과 맞는가	Today, an instructor is checking a worksheet problem for a math contest and hopes to explain it clearly. The equation below has at least two real solutions. $x^4 - 13x^2 + 36 = 0$ What is the product of all of the real solutions? 
nes.product_of_roots.compose_kind	hard	seed 1	4c856021-68cf-50d9-a991-a8afcc7662b5	nes.product_of_roots.compose_kind/two_positive_t	질문이 묻는 양=정답 선지 / 지문 문자·수치↔식 일치 / 합성한 두 개념의 순서·연결(앞 결과가 뒤 입력)이 문장과 맞는가	In a practice session, a math teacher is preparing a homework item during a study session and wonders which method is fastest. The equation below has at least two real solutions. $x^4 - 13x^2 + 36 = 0$ Find the product of every re
nes.product_of_roots.chain2	hard	seed 0	8727a5d2-ce07-5513-a45f-d9cfe74ebf08	nes.product_of_roots.chain2/product_then_sum_of_squares	질문이 묻는 양=정답 선지 / 지문 문자·수치↔식 일치 / 앞 단계 결과가 둘째 식에 올바르게 대입돼 읽히는가(문자 k 의 의미)	In a practice session, a math teacher is checking an old test item during a study session and wants to see a clean solution. Let k be the product of the solutions of the equation $x^2 + 2x - 15 = 0$. Then a second equation is writ
nes.product_of_roots.chain2	hard	seed 1	633d21d3-53a0-5499-a630-36c0b633b57b	nes.product_of_roots.chain2/product_then_sum_of_squares	질문이 묻는 양=정답 선지 / 지문 문자·수치↔식 일치 / 앞 단계 결과가 둘째 식에 올바르게 대입돼 읽히는가(문자 k 의 의미)	Today, a teaching assistant is presenting a homework item at the whiteboard and wants to see a clean solution. Let k be the product of the solutions of the equation $x^2 - 8x + 15 = 0$. Consider the second equation below, which us
nes.num_real_solutions.param_condition	hard	seed 0	1d5aba10-2264-5a83-aca5-ad7523937851	nes.num_real_solutions.param_condition/count_two_real	질문이 묻는 양=정답 선지 / 지문 문자·수치↔식 일치 / 조건(해의 개수·합·곱 등)을 식으로 옮긴 것이 문장과 일치하는가	At the start of class, a tutor is grading a quiz question for a math contest and tries a different approach. In the given equation, k is a positive integer. $x^2 - 6x + k = 0$ For how many values of k does the equation have two di
nes.num_real_solutions.param_condition	hard	seed 1	6f4a4019-22f9-53ec-a3e3-a558dd3c1bc5	nes.num_real_solutions.param_condition/count_two_real	질문이 묻는 양=정답 선지 / 지문 문자·수치↔식 일치 / 조건(해의 개수·합·곱 등)을 식으로 옮긴 것이 문장과 일치하는가	For extra practice, a club advisor is presenting a quiz question during a study session and hopes to explain it clearly. In the equation below, k is a positive integer. $x^2 - 14x + k = 0$ For how many positive integers k are ther
nes.num_real_solutions.constraint_select	hard	seed 0	5e1a383c-ff08-5e6d-a461-95f5fdc73884	nes.num_real_solutions.constraint_select/overlap_possible	질문이 묻는 양=정답 선지 / 지문 문자·수치↔식 일치 / 제약(양수·외래근·사분면) 적용 후 고른 값이 조건에 맞는가	At the start of class, a quiz writer is preparing a homework item at the whiteboard and is unsure where to begin. Consider the equation below. $(x^2 - 9)(x^2 - 5x) = 0$ How many distinct positive real solutions does the equation h
nes.num_real_solutions.constraint_select	hard	seed 1	686ad5ff-cbbc-5e79-acf3-8170b4a564e3	nes.num_real_solutions.constraint_select/second_factor_no_real	질문이 묻는 양=정답 선지 / 지문 문자·수치↔식 일치 / 제약(양수·외래근·사분면) 적용 후 고른 값이 조건에 맞는가	Today, a study group is revising a worksheet problem with a partner and wonders which method is fastest. The equation below is written as a product. $(x^2 - 1)(x^2 - x + 6) = 0$ What is the number of distinct positive real solutio
nes.num_real_solutions.compose_kind	hard	seed 0	c6385554-ea98-57a0-aa74-f8bc690f3751	nes.num_real_solutions.compose_kind/translation_intercepts	질문이 묻는 양=정답 선지 / 지문 문자·수치↔식 일치 / 합성한 두 개념의 순서·연결(앞 결과가 뒤 입력)이 문장과 맞는가	During tutoring, a teaching assistant is working through a homework item during a study session and wonders which method is fastest. Let f be the function defined by the equation below: $f(x) = x^2 - 2x - 3$ To get the graph of g,
nes.num_real_solutions.compose_kind	hard	seed 1	6f23671b-e47a-59f0-ac0c-0f0175d8f369	nes.num_real_solutions.compose_kind/translation_intercepts	질문이 묻는 양=정답 선지 / 지문 문자·수치↔식 일치 / 합성한 두 개념의 순서·연결(앞 결과가 뒤 입력)이 문장과 맞는가	Last week, an instructor is presenting a practice problem for the class and tries a different approach. The function f is defined below: $f(x) = x^2 - 10x + 11$ To get the graph of g, the graph of f is moved 2 units to the right, 
nes.num_real_solutions.compare_scenarios	hard	seed 0	fc43f9c1-566b-59bc-acad-4139f2722706	nes.num_real_solutions.compare_scenarios/union_of_solution_sets	질문이 묻는 양=정답 선지 / 지문 문자·수치↔식 일치 / 두 경우 비교의 방향(누가 더 큰가·언제 역전)이 문장과 맞는가	In a practice session, a tutor is writing up a worksheet problem during a study session and tries a different approach. Consider the following two equations: Equation 1: $x^2 - 2x - 15 = 0$ Equation 2: $x^2 - 9 = 0$ What is the to
nes.num_real_solutions.compare_scenarios	hard	seed 1	ecd74685-de75-50fb-a6a5-83aa66bd840d	nes.num_real_solutions.compare_scenarios/union_of_solution_sets	질문이 묻는 양=정답 선지 / 지문 문자·수치↔식 일치 / 두 경우 비교의 방향(누가 더 큰가·언제 역전)이 문장과 맞는가	Today, a club advisor is revising a homework item for the class and tries a different approach. Equation 1 and Equation 2 are listed below: Equation 1: $x^2 - 6x = 0$ Equation 2: $x^2 - x + 3 = 0$ What is the total number of disti
nes.irrational_sum_of_roots.inverse	hard	seed 0	a8ca0811-9713-57dc-af58-427f6dc0af54	nes.irrational_sum_of_roots.inverse/conjugate_diff	질문이 묻는 양=정답 선지 / 지문 문자·수치↔식 일치 / 주어진 결과에서 거꾸로 구한 값이 지문 수치와 맞는가(정방향 재계산 일치)	Last week, a study group is writing up a practice problem for a unit review and plans to post the answer later. The equation $x^2 + bx + c = 0$, where b and c are integers, can be written as $5 \pm 2\sqrt{13}$. What is b subtracte
nes.irrational_sum_of_roots.inverse	hard	seed 1	387476c5-e255-5655-afa4-63ce3e61e1cd	nes.irrational_sum_of_roots.inverse/conjugate_diff	질문이 묻는 양=정답 선지 / 지문 문자·수치↔식 일치 / 주어진 결과에서 거꾸로 구한 값이 지문 수치와 맞는가(정방향 재계산 일치)	For extra practice, a teaching assistant is presenting a warm-up question with a partner and hopes to explain it clearly. The two solutions of the equation $x^2 + bx + c = 0$, where b and c are integers, are $-6 \pm 2\sqrt{5}$. Wh
nes.irrational_sum_of_roots.compose_kind	hard	seed 0	9325e7a2-8c9d-5f87-a989-ca5117e7a6b4	nes.irrational_sum_of_roots.compose_kind/sum_of_squares	질문이 묻는 양=정답 선지 / 지문 문자·수치↔식 일치 / 합성한 두 개념의 순서·연결(앞 결과가 뒤 입력)이 문장과 맞는가	During tutoring, a textbook author is reviewing a worksheet problem for the class and wonders which method is fastest. The equation below has two real solutions, and neither solution is an integer. $x^2 - 8x + 4 = 0$ What is the s
nes.irrational_sum_of_roots.compose_kind	hard	seed 1	d1bd6449-0514-51dd-a57c-b7e8c8b3abff	nes.irrational_sum_of_roots.compose_kind/sum_of_squares	질문이 묻는 양=정답 선지 / 지문 문자·수치↔식 일치 / 합성한 두 개념의 순서·연결(앞 결과가 뒤 입력)이 문장과 맞는가	At the start of class, a tutor is writing up a review exercise at the whiteboard and hopes to explain it clearly. The equation below has two real solutions, and neither solution is an integer. $x^2 + 8x - 4 = 0$ What is the value 
nes.irrational_sum_of_roots.chain2	hard	seed 0	da0605a1-b7e7-59d3-a0b7-02ede695a362	nes.irrational_sum_of_roots.chain2/sum_then_sum_of_squares	질문이 묻는 양=정답 선지 / 지문 문자·수치↔식 일치 / 앞 단계 결과가 둘째 식에 올바르게 대입돼 읽히는가(문자 k 의 의미)	At the start of class, a student is preparing a quiz question at the whiteboard and wants to see a clean solution. Let k represent the sum of the two solutions of $3x^2 - 12x + 1 = 0$. A second equation is given below: $x^2 - 7x -
nes.irrational_sum_of_roots.chain2	hard	seed 1	8e1e7b18-e1e1-54ef-a70e-0b61639e20e8	nes.irrational_sum_of_roots.chain2/sum_then_sum_of_squares	질문이 묻는 양=정답 선지 / 지문 문자·수치↔식 일치 / 앞 단계 결과가 둘째 식에 올바르게 대입돼 읽히는가(문자 k 의 의미)	Today, a club advisor is checking a warm-up question for a math contest and plans to post the answer later. Suppose k equals the sum of the solutions of $2x^2 - 14x - 2 = 0$. Then a second equation is written with that value of k:
nes.irrational_sum_of_roots.repr_shift	hard	seed 0	d29736c3-e365-5253-ad4f-45b7ff9fa908	nes.irrational_sum_of_roots.repr_shift/area_equation_sum	질문이 묻는 양=정답 선지 / 지문 문자·수치↔식 일치 / 문장→식 모델링에서 변수 정의와 식이 일치하는가 / 명사-수식: area 문장↔세운 식 일치(둘레/넓이 혼동 여부)	During tutoring, a club advisor is revising a warm-up question at the whiteboard and wants to double-check the result. A rectangular patio has a width of w feet. Its length is 8 more than the width, and its area is 35 square feet.
nes.irrational_sum_of_roots.repr_shift	hard	seed 1	500c328d-4a0e-5a75-aa93-3dd5e9656091	nes.irrational_sum_of_roots.repr_shift/area_equation_sum	질문이 묻는 양=정답 선지 / 지문 문자·수치↔식 일치 / 문장→식 모델링에서 변수 정의와 식이 일치하는가 / 명사-수식: area 문장↔세운 식 일치(둘레/넓이 혼동 여부)	During tutoring, a teaching assistant is writing up a warm-up question with a partner and wonders which method is fastest. A rectangular patio has a width of w feet. Its length is 5 more than twice the width, and its area is 28 sq
nes.irrational_product_of_roots.inverse	hard	seed 0	24cf0896-e5ea-5b91-a15c-bf2743ff95cc	nes.irrational_product_of_roots.inverse/formula_inverse	질문이 묻는 양=정답 선지 / 지문 문자·수치↔식 일치 / 주어진 결과에서 거꾸로 구한 값이 지문 수치와 맞는가(정방향 재계산 일치)	At the start of class, an instructor is presenting a homework item with a partner and hopes to explain it clearly. In the equation below, b and c are integers. The solutions of the equation are $\frac{-1 \pm \sqrt{141}}{10}$. $5x^
nes.irrational_product_of_roots.inverse	hard	seed 1	dc8c2e54-68e4-5462-ae81-92b98bb10f2b	nes.irrational_product_of_roots.inverse/formula_inverse	질문이 묻는 양=정답 선지 / 지문 문자·수치↔식 일치 / 주어진 결과에서 거꾸로 구한 값이 지문 수치와 맞는가(정방향 재계산 일치)	During tutoring, a study group is reviewing a warm-up question before an exam and wants to see a clean solution. In the equation below, b and c are integers. The solutions of the equation are $\frac{-9 \pm \sqrt{17}}{4}$. $2x^2 + 
nes.irrational_product_of_roots.compose_kind	hard	seed 0	6d1ba993-f8fc-5a7a-afa2-25d03aac4328	nes.irrational_product_of_roots.compose_kind/absolute_value_substitution	질문이 묻는 양=정답 선지 / 지문 문자·수치↔식 일치 / 합성한 두 개념의 순서·연결(앞 결과가 뒤 입력)이 문장과 맞는가	Today, a tutor is grading a quiz question for a unit review and wants to see a clean solution. The equation below involves an absolute value. $x^2 - 7|x| + 9 = 0$ Find the product of every real solution of the equation. ⟶ 정답 81
nes.irrational_product_of_roots.compose_kind	hard	seed 1	c9304bd2-6952-52e8-ae4b-a1b7f231cbec	nes.irrational_product_of_roots.compose_kind/absolute_value_substitution	질문이 묻는 양=정답 선지 / 지문 문자·수치↔식 일치 / 합성한 두 개념의 순서·연결(앞 결과가 뒤 입력)이 문장과 맞는가	At the start of class, a teaching assistant is writing up a warm-up question for a math contest and hopes to explain it clearly. For the equation shown, x is a real number. $x^2 - 9|x| + 6 = 0$ What is the product of all of the re
nes.irrational_product_of_roots.chain2	hard	seed 0	749d516f-c25e-5a8e-a8a4-92975d6ae48b	nes.irrational_product_of_roots.chain2/product_then_factor	질문이 묻는 양=정답 선지 / 지문 문자·수치↔식 일치 / 앞 단계 결과가 둘째 식에 올바르게 대입돼 읽히는가(문자 k 의 의미)	At the start of class, an instructor is reviewing an old test item for a math contest and tries a different approach. Let k be the product of the solutions of the equation $x^2 + 9x + 1 = 0$. A second equation is given below: $x^2
nes.irrational_product_of_roots.chain2	hard	seed 1	74adeb24-08b6-523b-a8c0-1cd317eae04c	nes.irrational_product_of_roots.chain2/product_then_factor	질문이 묻는 양=정답 선지 / 지문 문자·수치↔식 일치 / 앞 단계 결과가 둘째 식에 올바르게 대입돼 읽히는가(문자 k 의 의미)	At the start of class, a tutor is revising a warm-up question with a partner and tries a different approach. Let k represent the product of the two solutions of $x^2 - 6x - 2 = 0$. Consider the second equation below, which uses k:
nes.irrational_product_of_roots.repr_shift	hard	seed 0	30dc5125-0fd4-5467-ad6d-35875ab14186	nes.irrational_product_of_roots.repr_shift/revenue_equation_product	질문이 묻는 양=정답 선지 / 지문 문자·수치↔식 일치 / 문장→식 모델링에서 변수 정의와 식이 일치하는가 / 명사-수식: revenue 문장↔세운 식 일치(둘레/넓이 혼동 여부)	As part of a unit review, a club advisor is checking an old test item for a math contest and tries a different approach. A bakery sells loaves of bread at a price of p dollars per loaf. At that price, it sells 52 - 3p loaves of br
nes.irrational_product_of_roots.repr_shift	hard	seed 1	f8d61980-bd82-5e5c-a268-8bb7a6fed3b1	nes.irrational_product_of_roots.repr_shift/revenue_equation_product	질문이 묻는 양=정답 선지 / 지문 문자·수치↔식 일치 / 문장→식 모델링에서 변수 정의와 식이 일치하는가 / 명사-수식: revenue 문장↔세운 식 일치(둘레/넓이 혼동 여부)	During tutoring, a student is preparing an old test item for a math contest and is unsure where to begin. A theater sells tickets at a price of p dollars per ticket. At that price, it sells 36 - 1p tickets per day, and the revenue
nes.irrational_root_radical_form.inverse	hard	seed 0	f0815eff-c50f-582e-a9c1-1ff4a46b3034	nes.irrational_root_radical_form.inverse/conjugate_other_root	질문이 묻는 양=정답 선지 / 지문 문자·수치↔식 일치 / 주어진 결과에서 거꾸로 구한 값이 지문 수치와 맞는가(정방향 재계산 일치)	In a practice session, a study group is preparing a practice problem for a math contest and tries a different approach. In the equation given here, b and c are integers, and one solution of the equation is $3 - \sqrt{10}$. $x^2 + 
nes.irrational_root_radical_form.inverse	hard	seed 1	6dbd4cc0-c9bf-5441-aaf6-94aa7d5a0a10	nes.irrational_root_radical_form.inverse/conjugate_other_root	질문이 묻는 양=정답 선지 / 지문 문자·수치↔식 일치 / 주어진 결과에서 거꾸로 구한 값이 지문 수치와 맞는가(정방향 재계산 일치)	In a practice session, a study group is presenting a quiz question at the whiteboard and plans to post the answer later. In the equation below, m and k are integers, and one solution of the equation is $4 - 2\sqrt{13}$. $x^2 + mx 
nes.irrational_root_radical_form.chain2	hard	seed 0	e9715de5-e9f3-5e0d-a693-2e47b3c8d515	nes.irrational_root_radical_form.chain2/square_of_root	질문이 묻는 양=정답 선지 / 지문 문자·수치↔식 일치 / 앞 단계 결과가 둘째 식에 올바르게 대입돼 읽히는가(문자 k 의 의미)	For extra practice, a club advisor is writing up a practice problem before an exam and wants to see a clean solution. Suppose k is the larger solution of $x^2 - 6x - 15 = 0$. What is the value of the square of k, written in simple
nes.irrational_root_radical_form.chain2	hard	seed 1	aa3366c5-6160-5364-ade8-89acc9d873d8	nes.irrational_root_radical_form.chain2/square_of_root	질문이 묻는 양=정답 선지 / 지문 문자·수치↔식 일치 / 앞 단계 결과가 둘째 식에 올바르게 대입돼 읽히는가(문자 k 의 의미)	In a practice session, an instructor is checking a quiz question for the class and plans to post the answer later. Suppose k is the larger solution of $x^2 - 6x - 4 = 0$. Which of the following is equal to the square of k? ⟶ 정답 $2
nes.irrational_root_radical_form.constraint_select	hard	seed 0	bd7053eb-0f5e-54c4-a5cf-de2d53b0b4cd	nes.irrational_root_radical_form.constraint_select/positive_root	질문이 묻는 양=정답 선지 / 지문 문자·수치↔식 일치 / 제약(양수·외래근·사분면) 적용 후 고른 값이 조건에 맞는가	For extra practice, a quiz writer is grading a quiz question at the whiteboard and wonders which method is fastest. The equation below has two real solutions, one positive and one negative. $x^2 - 6x - 4 = 0$ What is the solution 
nes.irrational_root_radical_form.constraint_select	hard	seed 1	13a8cd9a-a88a-5d24-a4bf-b29bb07c6ea2	nes.irrational_root_radical_form.constraint_select/positive_root	질문이 묻는 양=정답 선지 / 지문 문자·수치↔식 일치 / 제약(양수·외래근·사분면) 적용 후 고른 값이 조건에 맞는가	Last week, a math teacher is revising a quiz question for a unit review and wants to see a clean solution. Consider the equation below. $x^2 + 2x - 4 = 0$ Which of the following is the positive solution? ⟶ 정답 $-1 + \sqrt{5}$
nes.irrational_root_radical_form.compose_kind	hard	seed 0	8dc46b85-ca2e-553b-a357-93a8561a3ea3	nes.irrational_root_radical_form.compose_kind/two_numbers_sum_of_squares	질문이 묻는 양=정답 선지 / 지문 문자·수치↔식 일치 / 합성한 두 개념의 순서·연결(앞 결과가 뒤 입력)이 문장과 맞는가	Last week, a textbook author is working through a worksheet problem during a study session and wonders which method is fastest. Two positive numbers have a difference of 6, and the sum of their squares is 126. What is the value of
nes.irrational_root_radical_form.compose_kind	hard	seed 1	5211a042-ecbf-52ce-af8d-4031df8c8924	nes.irrational_root_radical_form.compose_kind/two_numbers_sum_of_squares	질문이 묻는 양=정답 선지 / 지문 문자·수치↔식 일치 / 합성한 두 개념의 순서·연결(앞 결과가 뒤 입력)이 문장과 맞는가	During tutoring, an instructor is checking a homework item for a math contest and wants to double-check the result. Two positive numbers have a difference of 4, and the sum of their squares is 20. What is the value of the larger n
nes.linear_quadratic_intersection.param_condition	hard	seed 0	bdbb6006-d619-5643-af31-8e7d44e6eae5	nes.linear_quadratic_intersection.param_condition/tangent_x	질문이 묻는 양=정답 선지 / 지문 문자·수치↔식 일치 / 조건(해의 개수·합·곱 등)을 식으로 옮긴 것이 문장과 일치하는가	As part of a unit review, a textbook author is grading an old test item for a math contest and plans to post the answer later. The graphs of the two equations below meet at exactly one point in the xy-plane. The constant k is a re
nes.linear_quadratic_intersection.param_condition	hard	seed 1	d447efbb-97f5-5d4b-a598-b951baff3f26	nes.linear_quadratic_intersection.param_condition/tangent_x	질문이 묻는 양=정답 선지 / 지문 문자·수치↔식 일치 / 조건(해의 개수·합·곱 등)을 식으로 옮긴 것이 문장과 일치하는가	As part of a unit review, a teaching assistant is reviewing a worksheet problem for a unit review and wants to see a clean solution. The graphs of the two equations below meet at exactly one point in the xy-plane. The constant k i
nes.linear_quadratic_intersection.compose_kind	hard	seed 0	cffee368-623f-50a1-ad94-baf6a04fe9d4	nes.linear_quadratic_intersection.compose_kind/points_to_line_sum_y	질문이 묻는 양=정답 선지 / 지문 문자·수치↔식 일치 / 합성한 두 개념의 순서·연결(앞 결과가 뒤 입력)이 문장과 맞는가	In a practice session, a teaching assistant is presenting a worksheet problem with a partner and tries a different approach. The line in the xy-plane through (2, -9) and (4, -11). The line meets the parabola $y = x^2 + 4x - 3$ at 
nes.linear_quadratic_intersection.compose_kind	hard	seed 1	ff901910-5eb1-5ef1-aa5f-9cfd21b925eb	nes.linear_quadratic_intersection.compose_kind/points_to_line_sum_x	질문이 묻는 양=정답 선지 / 지문 문자·수치↔식 일치 / 합성한 두 개념의 순서·연결(앞 결과가 뒤 입력)이 문장과 맞는가	At the start of class, a math teacher is working through a warm-up question for the class and wonders which method is fastest. In the xy-plane, a line contains the points (-4, 8) and (-3, 4). It intersects the parabola $y = x^2 - 
nes.linear_quadratic_intersection.repr_shift	hard	seed 0	7c8f6acc-e6f8-5851-a8ef-8b83b9cbb04c	nes.linear_quadratic_intersection.repr_shift/ask_area	질문이 묻는 양=정답 선지 / 지문 문자·수치↔식 일치 / 문장→식 모델링에서 변수 정의와 식이 일치하는가 / 명사-수식: area·perimeter 문장↔세운 식 일치(둘레/넓이 혼동 여부)	During tutoring, a teaching assistant is reviewing a homework item for the class and wants to see a clean solution. A rectangular patio has a width of w units. Its length is 10 units more than its width. Its area, in square units,
nes.linear_quadratic_intersection.repr_shift	hard	seed 1	12f27c3c-f10a-5315-a7f5-4c5fc8f5a0b4	nes.linear_quadratic_intersection.repr_shift/ask_area	질문이 묻는 양=정답 선지 / 지문 문자·수치↔식 일치 / 문장→식 모델링에서 변수 정의와 식이 일치하는가 / 명사-수식: area·perimeter 문장↔세운 식 일치(둘레/넓이 혼동 여부)	Today, a teaching assistant is revising a warm-up question for a math contest and is unsure where to begin. A rectangular patio has a width of w units. Its length is 16 units more than its width. Its area, in square units, is nume
nes.linear_quadratic_intersection.constraint_select	hard	seed 0	123b2c33-4715-5cec-af23-d6c22a950285	nes.linear_quadratic_intersection.constraint_select/first_quadrant_point	질문이 묻는 양=정답 선지 / 지문 문자·수치↔식 일치 / 제약(양수·외래근·사분면) 적용 후 고른 값이 조건에 맞는가	Today, an instructor is writing up a warm-up question for a unit review and wants to see a clean solution. A parabola and a line are given by the equations below, and they cross at two points in the xy-plane. $y = x^2 + 4x - 23$ $
nes.linear_quadratic_intersection.constraint_select	hard	seed 1	e8706374-03e5-5eaf-a0a5-6da0c497076d	nes.linear_quadratic_intersection.constraint_select/first_quadrant_point	질문이 묻는 양=정답 선지 / 지문 문자·수치↔식 일치 / 제약(양수·외래근·사분면) 적용 후 고른 값이 조건에 맞는가	As part of a unit review, a quiz writer is grading a warm-up question for the class and tries a different approach. The graphs of the two equations below intersect at two points in the xy-plane. $y = x^2 + 3x - 3$ $y = 2x + 9$ Wha
nes.parameter_discriminant.param_condition	hard	seed 0	8a514279-fe5c-55cf-a2fb-5424f44904f4	nes.parameter_discriminant.param_condition/product_of_k	질문이 묻는 양=정답 선지 / 지문 문자·수치↔식 일치 / 조건(해의 개수·합·곱 등)을 식으로 옮긴 것이 문장과 일치하는가	During tutoring, a textbook author is working through a quiz question during a study session and hopes to explain it clearly. In the given equation, k is an integer constant. The equation has exactly one real solution. $x^2 + kx +
nes.parameter_discriminant.param_condition	hard	seed 1	bef06b38-ac8e-5732-abc8-935a0f313ba3	nes.parameter_discriminant.param_condition/product_of_k	질문이 묻는 양=정답 선지 / 지문 문자·수치↔식 일치 / 조건(해의 개수·합·곱 등)을 식으로 옮긴 것이 문장과 일치하는가	As part of a unit review, a textbook author is presenting a review exercise during a study session and is unsure where to begin. For the equation shown, k is an integer constant. The equation has exactly one real solution. $x^2 + 
nes.parameter_discriminant.inverse	hard	seed 0	f5a3baff-e0bd-535d-a896-ec25ef1c44c9	nes.parameter_discriminant.inverse/tangent_to_axis	질문이 묻는 양=정답 선지 / 지문 문자·수치↔식 일치 / 주어진 결과에서 거꾸로 구한 값이 지문 수치와 맞는가(정방향 재계산 일치)	During tutoring, a student is checking a warm-up question for a math contest and is unsure where to begin. The parabola below has its vertex on the x-axis at the point (9, 0). Here, b and c are constants. $y = x^2 + bx + c$ What i
nes.parameter_discriminant.inverse	hard	seed 1	3df8edcd-6458-5a84-a05d-99a98cd9794e	nes.parameter_discriminant.inverse/double_root_given	질문이 묻는 양=정답 선지 / 지문 문자·수치↔식 일치 / 주어진 결과에서 거꾸로 구한 값이 지문 수치와 맞는가(정방향 재계산 일치)	At the start of class, a student is revising a warm-up question during a study session and tries a different approach. In the given equation, b and c are constants. The equation has exactly one real solution, x = 14. $x^2 + bx + c
nes.parameter_discriminant.constraint_select	hard	seed 0	dd23589a-6162-59db-a814-82d19e1a6dc6	nes.parameter_discriminant.constraint_select/count_k_two_real	질문이 묻는 양=정답 선지 / 지문 문자·수치↔식 일치 / 제약(양수·외래근·사분면) 적용 후 고른 값이 조건에 맞는가	As part of a unit review, a student is revising a practice problem at the whiteboard and plans to post the answer later. In the given equation, k is a nonzero integer with -4 ≤ k ≤ 4. $kx^2 - 7x + 6 = 0$ How many values of k give 
nes.parameter_discriminant.constraint_select	hard	seed 1	98721ba2-3e12-57f0-acc9-1da75b8ea1ea	nes.parameter_discriminant.constraint_select/count_k_two_real	질문이 묻는 양=정답 선지 / 지문 문자·수치↔식 일치 / 제약(양수·외래근·사분면) 적용 후 고른 값이 조건에 맞는가	Last week, an instructor is writing up a homework item during a study session and wants to see a clean solution. In the equation below, k is a nonzero integer with -8 ≤ k ≤ 8. $kx^2 - 3x + 1 = 0$ For how many integers k are there 
nes.parameter_discriminant.chain2	hard	seed 0	5a6c25de-676f-5657-afcb-02f64a84da03	nes.parameter_discriminant.chain2/discriminant_then_count	질문이 묻는 양=정답 선지 / 지문 문자·수치↔식 일치 / 앞 단계 결과가 둘째 식에 올바르게 대입돼 읽히는가(문자 k 의 의미)	As part of a unit review, a student is working through a practice problem at the whiteboard and plans to post the answer later. In the first equation below, k is a positive constant, and the equation has exactly one real solution.
nes.parameter_discriminant.chain2	hard	seed 1	23b96b35-4048-57a6-a55b-d723c4be46b0	nes.parameter_discriminant.chain2/discriminant_then_count	질문이 묻는 양=정답 선지 / 지문 문자·수치↔식 일치 / 앞 단계 결과가 둘째 식에 올바르게 대입돼 읽히는가(문자 k 의 의미)	Today, a textbook author is working through a quiz question during a study session and wants to see a clean solution. In the first equation below, k is a positive constant, and the equation has exactly one real solution. First equ
nf.evaluate.chain2	hard	seed 0	675de77d-96ba-517b-adcf-eb43a6d14c51	nf.evaluate.chain2/g_of_f	질문이 묻는 양=정답 선지 / 지문 문자·수치↔식 일치 / 앞 단계 결과가 둘째 식에 올바르게 대입돼 읽히는가(문자 k 의 의미)	Today, a math teacher is reviewing a review exercise with a partner and wants to double-check the result. Two functions are given below. $f(x) = x^2 + x + 4$ $g(x) = 2x + 6$ What is g(f(1))? ⟶ 정답 18
nf.evaluate.chain2	hard	seed 1	69b4a8c7-740a-5a8b-abc1-5ba43d0b4e0e	nf.evaluate.chain2/f_of_f	질문이 묻는 양=정답 선지 / 지문 문자·수치↔식 일치 / 앞 단계 결과가 둘째 식에 올바르게 대입돼 읽히는가(문자 k 의 의미)	At the start of class, a student is reviewing a quiz question during a study session and wonders which method is fastest. The function f is defined by the equation below. $f(x) = x^2 - 4x + 6$ What is f(f(-1))? ⟶ 정답 83
nf.evaluate.compose_kind	hard	seed 0	77b3b191-a263-560e-af77-ca7ae97dc926	nf.evaluate.compose_kind/difference_of_compositions	질문이 묻는 양=정답 선지 / 지문 문자·수치↔식 일치 / 합성한 두 개념의 순서·연결(앞 결과가 뒤 입력)이 문장과 맞는가	Last week, a teaching assistant is preparing a quiz question with a partner and tries a different approach. Let f and g be the functions defined below. $f(x) = -x^2$ $g(x) = 2x - 5$ What is f(g(0)) minus g(f(0))? ⟶ 정답 -20
nf.evaluate.compose_kind	hard	seed 1	c7ccc940-bc22-520c-aa25-1fcf1c0428f3	nf.evaluate.compose_kind/difference_of_compositions	질문이 묻는 양=정답 선지 / 지문 문자·수치↔식 일치 / 합성한 두 개념의 순서·연결(앞 결과가 뒤 입력)이 문장과 맞는가	As part of a unit review, an instructor is presenting a warm-up question with a partner and hopes to explain it clearly. Two functions are given below. $f(x) = x^2 + 2x$ $g(x) = -3x - 3$ What is f(g(0)) minus g(f(0))? ⟶ 정답 6
nf.evaluate.repr_shift	hard	seed 0	a7a0d245-7fb1-541f-a540-064ceb9c739b	nf.evaluate.repr_shift/table_to_formula	질문이 묻는 양=정답 선지 / 지문 문자·수치↔식 일치 / 문장→식 모델링에서 변수 정의와 식이 일치하는가	As part of a unit review, a tutor is working through a warm-up question for a math contest and is unsure where to begin. A quadratic function f has the values below: f(0) = -4, f(1) = 2, and f(2) = 12. Find f(6). ⟶ 정답 92
nf.evaluate.repr_shift	hard	seed 1	1e2220ae-9244-5a2a-a778-d5e332e8cfc4	nf.evaluate.repr_shift/table_to_formula	질문이 묻는 양=정답 선지 / 지문 문자·수치↔식 일치 / 문장→식 모델링에서 변수 정의와 식이 일치하는가	As part of a unit review, a quiz writer is working through a worksheet problem for the class and wonders which method is fastest. A quadratic function f has the values below: f(0) = -5, f(1) = -10, and f(2) = -13. What is the valu
nf.evaluate.compare_scenarios	hard	seed 0	e7df6c39-3e9e-57b1-a5fd-da0827c7dd5f	nf.evaluate.compare_scenarios/quadratic_vs_linear_threshold	질문이 묻는 양=정답 선지 / 지문 문자·수치↔식 일치 / 두 경우 비교의 방향(누가 더 큰가·언제 역전)이 문장과 맞는가	In a practice session, an instructor is revising a quiz question before an exam and hopes to explain it clearly. The total cost, in dollars, of a gym membership after t months is given by $A(t) = t^2 + 4t + 8$. The total cost of a
nf.evaluate.compare_scenarios	hard	seed 1	a44404ca-25a8-57f8-a26a-8422d61ea0b3	nf.evaluate.compare_scenarios/quadratic_vs_linear_threshold	질문이 묻는 양=정답 선지 / 지문 문자·수치↔식 일치 / 두 경우 비교의 방향(누가 더 큰가·언제 역전)이 문장과 맞는가	For extra practice, a club advisor is preparing a review exercise with a partner and tries a different approach. The total cost, in dollars, of a cloud storage plan after t months is given by $A(t) = t^2 + t + 4$. The total cost o
nf.vertex_x.inverse	hard	seed 0	7a9bf5b4-d9ad-548e-affa-6320c7f1c8ff	nf.vertex_x.inverse/vertex_and_point_inverse	질문이 묻는 양=정답 선지 / 지문 문자·수치↔식 일치 / 주어진 결과에서 거꾸로 구한 값이 지문 수치와 맞는가(정방향 재계산 일치)	In a practice session, a teaching assistant is grading a homework item before an exam and wants to see a clean solution. In the function below, b and c are constants. The graph of the function in the xy-plane has its vertex at x =
nf.vertex_x.inverse	hard	seed 1	f70d0fc4-15c0-52ed-af93-da9471157eef	nf.vertex_x.inverse/vertex_and_point_inverse	질문이 묻는 양=정답 선지 / 지문 문자·수치↔식 일치 / 주어진 결과에서 거꾸로 구한 값이 지문 수치와 맞는가(정방향 재계산 일치)	During tutoring, a study group is writing up a homework item for a unit review and hopes to explain it clearly. Consider the function below, b and c are constants. The graph of the function in the xy-plane has its vertex at x = 3 
nf.vertex_x.compose_kind	hard	seed 0	2d02ba49-6fb6-5574-aa76-b72d72c3edde	nf.vertex_x.compose_kind/zeros_and_translation	질문이 묻는 양=정답 선지 / 지문 문자·수치↔식 일치 / 합성한 두 개념의 순서·연결(앞 결과가 뒤 입력)이 문장과 맞는가	In a practice session, a tutor is revising an old test item with a partner and plans to post the answer later. A quadratic function f is given below: $f(x) = (x - 6)(x + 4)$. The function g is defined by $g(x) = f(x - 2) + 3$. At 
nf.vertex_x.compose_kind	hard	seed 1	b5337062-979b-5578-a8a7-dd4526c5c6ba	nf.vertex_x.compose_kind/zeros_and_translation	질문이 묻는 양=정답 선지 / 지문 문자·수치↔식 일치 / 합성한 두 개념의 순서·연결(앞 결과가 뒤 입력)이 문장과 맞는가	At the start of class, a student is presenting a warm-up question for the class and wants to see a clean solution. The function f is defined by the equation below: $f(x) = (x + 4)(x - 6)$. A second function is $g(x) = f(x + 3) + 3
nf.vertex_x.repr_shift	hard	seed 0	ee2e9fea-e621-5eab-ae6f-ddada9054123	nf.vertex_x.repr_shift/three_sides_barn	질문이 묻는 양=정답 선지 / 지문 문자·수치↔식 일치 / 문장→식 모델링에서 변수 정의와 식이 일치하는가 / 명사-수식: area 문장↔세운 식 일치(둘레/넓이 혼동 여부)	Last week, an instructor is checking a worksheet problem before an exam and wants to double-check the result. A farmer has 24 feet of fencing to build a rectangular play area along one side of a barn. The fencing is used on the th
nf.vertex_x.repr_shift	hard	seed 1	fdb02ea0-bfc8-503a-a43a-3b0dfc03ea43	nf.vertex_x.repr_shift/three_sides_barn	질문이 묻는 양=정답 선지 / 지문 문자·수치↔식 일치 / 문장→식 모델링에서 변수 정의와 식이 일치하는가 / 명사-수식: area 문장↔세운 식 일치(둘레/넓이 혼동 여부)	At the start of class, a student is revising a practice problem for a unit review and wonders which method is fastest. A farmer has 76 feet of fencing to build a rectangular enclosure along one side of a barn. The fencing is used 
nf.vertex_x.chain2	hard	seed 0	74e4f6f6-9327-5a26-a851-6667a0f749cc	nf.vertex_x.chain2/vertex_then_vertex	질문이 묻는 양=정답 선지 / 지문 문자·수치↔식 일치 / 앞 단계 결과가 둘째 식에 올바르게 대입돼 읽히는가(문자 k 의 의미)	During tutoring, a math teacher is grading a warm-up question at the whiteboard and tries a different approach. Let h be the x-coordinate of the vertex of the graph of the function f, where $f(x) = x^2 + 12x + 6$. The function g i
nf.vertex_x.chain2	hard	seed 1	421b1032-c82c-5eea-af63-81830e309084	nf.vertex_x.chain2/vertex_then_vertex	질문이 묻는 양=정답 선지 / 지문 문자·수치↔식 일치 / 앞 단계 결과가 둘째 식에 올바르게 대입돼 읽히는가(문자 k 의 의미)	For extra practice, a teaching assistant is grading a warm-up question during a study session and plans to post the answer later. Let h represent the x-coordinate of the vertex of the graph of f, where $f(x) = 2x^2 + 24x - 3$. The
nf.vertex_y.inverse	hard	seed 0	30c9c559-4547-5a44-a1d5-4882659c2422	nf.vertex_y.inverse/maximum_value	질문이 묻는 양=정답 선지 / 지문 문자·수치↔식 일치 / 주어진 결과에서 거꾸로 구한 값이 지문 수치와 맞는가(정방향 재계산 일치)	In a practice session, a club advisor is reviewing an old test item before an exam and wants to see a clean solution. In the function below, b is a constant. The graph of the function in the xy-plane has its vertex at x = -4 and c
nf.vertex_y.inverse	hard	seed 1	2893f32f-08b9-52d1-a8aa-3ab56a6f399f	nf.vertex_y.inverse/minimum_value	질문이 묻는 양=정답 선지 / 지문 문자·수치↔식 일치 / 주어진 결과에서 거꾸로 구한 값이 지문 수치와 맞는가(정방향 재계산 일치)	During tutoring, a study group is reviewing a review exercise with a partner and wants to see a clean solution. In the function below, b is a constant. The graph of the function in the xy-plane has its vertex at x = 3 and crosses 
nf.vertex_y.compose_kind	hard	seed 0	286d9a62-2ff0-5c4a-aa0f-e3e6968babae	nf.vertex_y.compose_kind/scaled_max	질문이 묻는 양=정답 선지 / 지문 문자·수치↔식 일치 / 합성한 두 개념의 순서·연결(앞 결과가 뒤 입력)이 문장과 맞는가	During tutoring, a study group is presenting a homework item with a partner and tries a different approach. The function f is defined by the equation below: $f(x) = x^2 + 6x - 8$. The function g is defined by $g(x) = -3f(x) - 9$. 
nf.vertex_y.compose_kind	hard	seed 1	b5b53c59-f41f-5575-a142-ecb508f600d4	nf.vertex_y.compose_kind/scaled_min	질문이 묻는 양=정답 선지 / 지문 문자·수치↔식 일치 / 합성한 두 개념의 순서·연결(앞 결과가 뒤 입력)이 문장과 맞는가	As part of a unit review, an instructor is writing up a warm-up question before an exam and wonders which method is fastest. Let f be the function defined below: $f(x) = x^2 - 2x + 3$. The function g is defined by $g(x) = 3f(x) + 
nf.vertex_y.repr_shift	hard	seed 0	a0c93b3c-8c7d-59d2-a930-8905f563de1c	nf.vertex_y.repr_shift/maximize_revenue	질문이 묻는 양=정답 선지 / 지문 문자·수치↔식 일치 / 문장→식 모델링에서 변수 정의와 식이 일치하는가 / 명사-수식: revenue 문장↔세운 식 일치(둘레/넓이 혼동 여부)	Last week, a quiz writer is grading a quiz question at the whiteboard and is unsure where to begin. A shop sells mugs at a price of p dollars per mug. At that price, it sells 72 - 3p mugs per day. What is the largest daily revenue
nf.vertex_y.repr_shift	hard	seed 1	7d81412d-03f0-5498-af86-b3a2886391ea	nf.vertex_y.repr_shift/maximize_revenue	질문이 묻는 양=정답 선지 / 지문 문자·수치↔식 일치 / 문장→식 모델링에서 변수 정의와 식이 일치하는가 / 명사-수식: revenue 문장↔세운 식 일치(둘레/넓이 혼동 여부)	For extra practice, a quiz writer is grading a quiz question before an exam and tries a different approach. A bakery sells cakes at a price of p dollars per cake. At that price, it sells 40 - 4p cakes per day. What is the maximum 
nf.vertex_y.compare_scenarios	hard	seed 0	3cd9f49a-45b9-5eca-aa5e-9961b62fa5d0	nf.vertex_y.compare_scenarios/compare_two_maxima	질문이 묻는 양=정답 선지 / 지문 문자·수치↔식 일치 / 두 경우 비교의 방향(누가 더 큰가·언제 역전)이 문장과 맞는가	Today, a club advisor is reviewing a review exercise before an exam and is unsure where to begin. The heights, in feet, of two thrown balls t seconds after launch are modeled by the functions below. $h(t) = -2t^2 + 8t + 12$ $k(t) 
nf.vertex_y.compare_scenarios	hard	seed 1	54cde687-b5c3-57ac-a1bf-582d7c037fda	nf.vertex_y.compare_scenarios/compare_two_maxima	질문이 묻는 양=정답 선지 / 지문 문자·수치↔식 일치 / 두 경우 비교의 방향(누가 더 큰가·언제 역전)이 문장과 맞는가	In a practice session, a math teacher is presenting a homework item at the whiteboard and plans to post the answer later. The heights, in feet, of two water balloons t seconds after launch are modeled by the functions below. $h(t)
nf.find_x_for_value.inverse	hard	seed 0	6ef2339f-0c33-5345-a004-b752374465e2	nf.find_x_for_value.inverse/two_points_then_solve	질문이 묻는 양=정답 선지 / 지문 문자·수치↔식 일치 / 주어진 결과에서 거꾸로 구한 값이 지문 수치와 맞는가(정방향 재계산 일치)	At the start of class, a tutor is writing up a worksheet problem for a math contest and plans to post the answer later. The number of yeast cells in a dish is modeled by the function $N(t) = a \cdot b^t$, where a and b are positiv
nf.find_x_for_value.inverse	hard	seed 1	8f000d37-9eaf-5acd-a51a-554c0202218f	nf.find_x_for_value.inverse/two_points_then_solve	질문이 묻는 양=정답 선지 / 지문 문자·수치↔식 일치 / 주어진 결과에서 거꾸로 구한 값이 지문 수치와 맞는가(정방향 재계산 일치)	In a practice session, a student is revising a worksheet problem at the whiteboard and hopes to explain it clearly. The number of yeast cells in a dish is modeled by the function $N(t) = a \cdot b^t$, where a and b are positive co
nf.find_x_for_value.constraint_select	hard	seed 0	13aad413-948a-5474-a29f-93a2691451c3	nf.find_x_for_value.constraint_select/substitution_positive_root	질문이 묻는 양=정답 선지 / 지문 문자·수치↔식 일치 / 제약(양수·외래근·사분면) 적용 후 고른 값이 조건에 맞는가	Last week, a math teacher is working through a worksheet problem during a study session and wants to see a clean solution. Consider the equation below. $3^{2x} + 1(3^{x}) - 12 = 0$ Find the real solution of the equation. ⟶ 정답 1
nf.find_x_for_value.constraint_select	hard	seed 1	040f9e21-1977-557a-abac-8edd61662453	nf.find_x_for_value.constraint_select/substitution_positive_root	질문이 묻는 양=정답 선지 / 지문 문자·수치↔식 일치 / 제약(양수·외래근·사분면) 적용 후 고른 값이 조건에 맞는가	As part of a unit review, a student is revising an old test item before an exam and wants to double-check the result. The equation below has exactly one real solution. $2^{2x} + 1(2^{x}) - 72 = 0$ What is the value of x that satis
nf.find_x_for_value.chain2	hard	seed 0	a22d7a98-3f22-5b77-a929-592a2a4e811c	nf.find_x_for_value.chain2/exponent_solution_then_linear	질문이 묻는 양=정답 선지 / 지문 문자·수치↔식 일치 / 앞 단계 결과가 둘째 식에 올바르게 대입돼 읽히는가(문자 k 의 의미)	Last week, a quiz writer is revising a review exercise for a unit review and plans to post the answer later. The number of yeast cells in a dish t hours after a measurement begins is given by $P(t) = 8 \cdot 3^t$. Let T be the tim
nf.find_x_for_value.chain2	hard	seed 1	df485809-cfd5-58b6-ae3a-1cebb066a596	nf.find_x_for_value.chain2/exponent_solution_then_linear	질문이 묻는 양=정답 선지 / 지문 문자·수치↔식 일치 / 앞 단계 결과가 둘째 식에 올바르게 대입돼 읽히는가(문자 k 의 의미)	Today, a student is presenting a review exercise with a partner and plans to post the answer later. The number of members of an online club t hours after a measurement begins is given by $P(t) = 7 \cdot 3^t$. Let T be the time at 
nf.find_x_for_value.compose_kind	hard	seed 0	498d201c-65f3-5de2-a90f-e23b47fb32ab	nf.find_x_for_value.compose_kind/same_base_linear	질문이 묻는 양=정답 선지 / 지문 문자·수치↔식 일치 / 합성한 두 개념의 순서·연결(앞 결과가 뒤 입력)이 문장과 맞는가	During tutoring, a tutor is checking a warm-up question before an exam and wants to double-check the result. Consider the equation below. $4^{2x + 1} = 2^{x - 1}$ What is the value of x that satisfies the equation? ⟶ 정답 -1
nf.find_x_for_value.compose_kind	hard	seed 1	3f38b495-78ce-59b7-ada6-f697a897d316	nf.find_x_for_value.compose_kind/same_base_linear	질문이 묻는 양=정답 선지 / 지문 문자·수치↔식 일치 / 합성한 두 개념의 순서·연결(앞 결과가 뒤 입력)이 문장과 맞는가	Last week, a club advisor is checking a quiz question for the class and wants to double-check the result. For the equation shown, x is a real number. $3^{x - 2} = 9^{2x - 4}$ What is the solution of the equation? ⟶ 정답 2
nf.interpret_a.unit_ratio	hard	seed 0	9b3901fd-f7eb-5eee-a7f7-3c4785b1f10c	nf.interpret_a.unit_ratio/unit_conversion_initial_value	질문이 묻는 양=정답 선지 / 지문 문자·수치↔식 일치 / 단위 환산 방향(1일=24시간 등)과 배율 방향이 문장과 맞는가	In a practice session, a study group is checking an old test item for a math contest and wants to see a clean solution. The number of followers of an online account is modeled by the function $N(t) = a \cdot 2^{t/8}$, where a is a
nf.interpret_a.unit_ratio	hard	seed 1	4d97c908-5685-5f68-a79b-1a30eb31098b	nf.interpret_a.unit_ratio/unit_conversion_initial_value	질문이 묻는 양=정답 선지 / 지문 문자·수치↔식 일치 / 단위 환산 방향(1일=24시간 등)과 배율 방향이 문장과 맞는가	As part of a unit review, a textbook author is checking a homework item during a study session and tries a different approach. The number of followers of an online account is modeled by the function $N(t) = a \cdot 2^{t/4}$, where
nf.interpret_a.repr_shift	hard	seed 0	bb600385-af42-59cb-ac7a-b7fe3a709652	nf.interpret_a.repr_shift/table_to_initial_value	질문이 묻는 양=정답 선지 / 지문 문자·수치↔식 일치 / 문장→식 모델링에서 변수 정의와 식이 일치하는가	During tutoring, a tutor is presenting a warm-up question at the whiteboard and wants to see a clean solution. The number of yeast cells in a dish is modeled by an exponential function f(t) = a·b^t, where t is the number of weeks 
nf.interpret_a.repr_shift	hard	seed 1	3c359821-cc6d-5bfe-ab89-2bb52887afda	nf.interpret_a.repr_shift/table_to_initial_value	질문이 묻는 양=정답 선지 / 지문 문자·수치↔식 일치 / 문장→식 모델링에서 변수 정의와 식이 일치하는가	In a practice session, a tutor is presenting a quiz question during a study session and hopes to explain it clearly. The number of bacteria in a culture is modeled by an exponential function f(t) = a·b^t, where t is the number of 
nf.interpret_a.compare_scenarios	hard	seed 0	28c33066-93f2-5dfa-abb4-4b31e065d860	nf.interpret_a.compare_scenarios/crossover_time	질문이 묻는 양=정답 선지 / 지문 문자·수치↔식 일치 / 두 경우 비교의 방향(누가 더 큰가·언제 역전)이 문장과 맞는가	As part of a unit review, an instructor is writing up an old test item for a unit review and wonders which method is fastest. Colony A starts with 67 cells, and the number of cells is multiplied by 2 every hour. Colony B starts wi
nf.interpret_a.compare_scenarios	hard	seed 1	414df8cc-8f82-5138-a5ab-ebb0b9c980df	nf.interpret_a.compare_scenarios/crossover_time	질문이 묻는 양=정답 선지 / 지문 문자·수치↔식 일치 / 두 경우 비교의 방향(누가 더 큰가·언제 역전)이 문장과 맞는가	In a practice session, a textbook author is presenting a worksheet problem during a study session and is unsure where to begin. Colony A starts with 70 cells, and the number of cells is multiplied by 3 every hour. Colony B starts 
nf.interpret_a.chain2	hard	seed 0	3b28147d-7e6f-57db-ae34-a7d3a0f1fe43	nf.interpret_a.chain2/initial_then_later_sum	질문이 묻는 양=정답 선지 / 지문 문자·수치↔식 일치 / 앞 단계 결과가 둘째 식에 올바르게 대입돼 읽히는가(문자 k 의 의미)	As part of a unit review, a math teacher is reviewing a practice problem for the class and tries a different approach. The number of followers of an online account is modeled by the function $N(t) = a \cdot 2^t$, where a is a posi
nf.interpret_a.chain2	hard	seed 1	22fd0d3b-2adb-58d6-a8ba-4c26114b3936	nf.interpret_a.chain2/initial_then_later_sum	질문이 묻는 양=정답 선지 / 지문 문자·수치↔식 일치 / 앞 단계 결과가 둘째 식에 올바르게 대입돼 읽히는가(문자 k 의 의미)	Today, a math teacher is reviewing a homework item for a math contest and hopes to explain it clearly. The number of visitors to a website is modeled by the function $N(t) = a \cdot 2^t$, where a is a positive constant and t is th
nf.interpret_b.unit_ratio	hard	seed 0	32823bdf-7c32-538e-ac3e-19b939d302bd	nf.interpret_b.unit_ratio/growth_factor	질문이 묻는 양=정답 선지 / 지문 문자·수치↔식 일치 / 단위 환산 방향(1일=24시간 등)과 배율 방향이 문장과 맞는가	In a practice session, a club advisor is writing up a homework item for a math contest and wonders which method is fastest. The number of yeast cells in a dish is multiplied by 3 every 15 minutes. By what factor does the number ch
nf.interpret_b.unit_ratio	hard	seed 1	3d4e053f-0b06-5121-a489-84f8181b69d2	nf.interpret_b.unit_ratio/growth_factor	질문이 묻는 양=정답 선지 / 지문 문자·수치↔식 일치 / 단위 환산 방향(1일=24시간 등)과 배율 방향이 문장과 맞는가	Today, a quiz writer is checking a review exercise for the class and is unsure where to begin. The number of yeast cells in a dish is multiplied by 3 every 3 months. By what factor does the number change over 12 months (1 year)? ⟶
nf.interpret_b.repr_shift	hard	seed 0	7b626060-a922-5caf-ab9f-7b2d71f6166e	nf.interpret_b.repr_shift/total_to_rate_decrease	질문이 묻는 양=정답 선지 / 지문 문자·수치↔식 일치 / 문장→식 모델링에서 변수 정의와 식이 일치하는가	Last week, a textbook author is presenting an old test item for the class and plans to post the answer later. After 2 years, the number of followers of an account is 4% of its starting amount. It changed by the same percent each y
nf.interpret_b.repr_shift	hard	seed 1	8b3e1c55-11dc-5c56-aa92-9571c8893fbd	nf.interpret_b.repr_shift/total_to_rate_decrease	질문이 묻는 양=정답 선지 / 지문 문자·수치↔식 일치 / 문장→식 모델링에서 변수 정의와 식이 일치하는가	As part of a unit review, a club advisor is writing up a quiz question with a partner and tries a different approach. After 2 months, the value of a collectible card is 4% of its starting amount. It changed by the same percent eac
nf.interpret_b.compare_scenarios	hard	seed 0	ebe98f59-0963-544c-a999-1102309761e6	nf.interpret_b.compare_scenarios/explicit_models_crossover	질문이 묻는 양=정답 선지 / 지문 문자·수치↔식 일치 / 두 경우 비교의 방향(누가 더 큰가·언제 역전)이 문장과 맞는가	For extra practice, a study group is checking a homework item for a math contest and plans to post the answer later. The account value of plan A after t years is modeled by $A(t) = 79 \cdot 2^t$, and the account value of plan B af
nf.interpret_b.compare_scenarios	hard	seed 1	01048639-cb2e-5bb8-a90b-82a6fceefb71	nf.interpret_b.compare_scenarios/explicit_models_crossover	질문이 묻는 양=정답 선지 / 지문 문자·수치↔식 일치 / 두 경우 비교의 방향(누가 더 큰가·언제 역전)이 문장과 맞는가	During tutoring, an instructor is preparing an old test item with a partner and wants to double-check the result. The value of fund A after t years is modeled by $A(t) = 40 \cdot 2^t$, and the value of fund B after t years is mode
nf.interpret_b.inverse	hard	seed 0	acea0400-b85c-5772-a0b0-bb73299049a3	nf.interpret_b.inverse/total_factor_to_increase	질문이 묻는 양=정답 선지 / 지문 문자·수치↔식 일치 / 주어진 결과에서 거꾸로 구한 값이 지문 수치와 맞는가(정방향 재계산 일치)	Today, a club advisor is presenting a homework item with a partner and wants to see a clean solution. After 2 weeks, the number of followers of an online account is 49 times the starting number. The number was multiplied by the sa
nf.interpret_b.inverse	hard	seed 1	44e96a76-1df4-5005-a9a0-4b48f1f1ae62	nf.interpret_b.inverse/total_factor_to_increase	질문이 묻는 양=정답 선지 / 지문 문자·수치↔식 일치 / 주어진 결과에서 거꾸로 구한 값이 지문 수치와 맞는가(정방향 재계산 일치)	As part of a unit review, a textbook author is presenting a review exercise for the class and wonders which method is fastest. After 2 years, the number of members of an online club is 25 times the starting number. The number was 
nes.root.e_factored_form	easy	seed 0	17717bd3-bef0-5cfe-a5f4-ed2ad324c7f2	nes.root.e_factored_form/factored_form	질문이 묻는 양=정답 선지 / 지문 문자·수치↔식 일치 / 문장 틀이 해당 세부 패턴을 묻는지, 난이도(easy/medium)에 맞는 길이·단계인지	At the start of class, a math teacher is grading a quiz question for the class and hopes to explain it clearly. Look at the factored equation below. $(x + 1)(x - 8) = 0$ What is the greatest value of x that satisfies the equation?
nes.root.e_factored_form	easy	seed 1	298e0e33-ab55-5785-aa73-5417de9154e8	nes.root.e_factored_form/factored_form	질문이 묻는 양=정답 선지 / 지문 문자·수치↔식 일치 / 문장 틀이 해당 세부 패턴을 묻는지, 난이도(easy/medium)에 맞는 길이·단계인지	At the start of class, a study group is reviewing a warm-up question with a partner and hopes to explain it clearly. Consider the equation below. $(x + 1)(x - 7) = 0$ Which value is the greater solution? ⟶ 정답 7
nes.sum_of_roots.e_equation_sum	easy	seed 0	e16ce0d4-ef06-5db5-ae51-48c9b6b110a3	nes.sum_of_roots.e_equation_sum/equation_sum	질문이 묻는 양=정답 선지 / 지문 문자·수치↔식 일치 / 문장 틀이 해당 세부 패턴을 묻는지, 난이도(easy/medium)에 맞는 길이·단계인지	For extra practice, a quiz writer is writing up a homework item during a study session and is unsure where to begin. The quadratic equation below has two different real solutions. $x^2 - 2x - 15 = 0$ What is the sum of the solutio
nes.sum_of_roots.e_equation_sum	easy	seed 1	2061a2f7-040c-5423-ae36-8c0a5dda6cd0	nes.sum_of_roots.e_equation_sum/equation_sum	질문이 묻는 양=정답 선지 / 지문 문자·수치↔식 일치 / 문장 틀이 해당 세부 패턴을 묻는지, 난이도(easy/medium)에 맞는 길이·단계인지	Today, an instructor is presenting a homework item during a study session and wants to see a clean solution. Consider the equation below, which has two solutions. $x^2 - 4x - 45 = 0$ What is the sum of the two solutions? ⟶ 정답 4
nes.product_of_roots.e_equation_product	easy	seed 0	a9b42ce8-12ab-54fa-a2ba-600c61157864	nes.product_of_roots.e_equation_product/equation_product	질문이 묻는 양=정답 선지 / 지문 문자·수치↔식 일치 / 문장 틀이 해당 세부 패턴을 묻는지, 난이도(easy/medium)에 맞는 길이·단계인지	During tutoring, a quiz writer is reviewing a worksheet problem for a unit review and hopes to explain it clearly. The quadratic equation below has two different real solutions. $x^2 + 3x + 2 = 0$ What is the product of the two so
nes.product_of_roots.e_equation_product	easy	seed 1	0dd676e4-fc13-536b-ae21-a6f4395b19b6	nes.product_of_roots.e_equation_product/equation_product	질문이 묻는 양=정답 선지 / 지문 문자·수치↔식 일치 / 문장 틀이 해당 세부 패턴을 묻는지, 난이도(easy/medium)에 맞는 길이·단계인지	At the start of class, an instructor is checking a quiz question for the class and plans to post the answer later. The quadratic equation below has two different real solutions. $x^2 - 5x - 24 = 0$ What is the product of the two s
nes.num_real_solutions.e_pure_square	easy	seed 0	c7d36bc3-ef38-5a7a-a426-02488299983a	nes.num_real_solutions.e_pure_square/pure_square	질문이 묻는 양=정답 선지 / 지문 문자·수치↔식 일치 / 문장 틀이 해당 세부 패턴을 묻는지, 난이도(easy/medium)에 맞는 길이·단계인지	During tutoring, a math teacher is working through a homework item before an exam and hopes to explain it clearly. The equation below is given. $x^2 - 0 = 0$ How many real solutions does the equation have? ⟶ 정답 1
nes.num_real_solutions.e_pure_square	easy	seed 1	c8f710d6-996e-5e3c-aa36-1059b8274c7c	nes.num_real_solutions.e_pure_square/pure_square	질문이 묻는 양=정답 선지 / 지문 문자·수치↔식 일치 / 문장 틀이 해당 세부 패턴을 묻는지, 난이도(easy/medium)에 맞는 길이·단계인지	Last week, a club advisor is reviewing a worksheet problem with a partner and hopes to explain it clearly. Consider the equation below. $4x^2 = 0$ What is the number of real solutions of the equation? ⟶ 정답 1
nes.root.m_nonmonic_larger	medium	seed 0	6da254ee-c412-5f19-a70d-0bfadc2b0ba2	nes.root.m_nonmonic_larger/nonmonic_root	질문이 묻는 양=정답 선지 / 지문 문자·수치↔식 일치 / 문장 틀이 해당 세부 패턴을 묻는지, 난이도(easy/medium)에 맞는 길이·단계인지	During tutoring, an instructor is revising a quiz question for a unit review and hopes to explain it clearly. The equation below has two real solutions. $4x^2 + 17x + 4 = 0$ Which value is the greater solution? ⟶ 정답 -1/4
nes.root.m_nonmonic_larger	medium	seed 1	579b416c-c4c5-5740-a781-c85635d2adaa	nes.root.m_nonmonic_larger/nonmonic_root	질문이 묻는 양=정답 선지 / 지문 문자·수치↔식 일치 / 문장 틀이 해당 세부 패턴을 묻는지, 난이도(easy/medium)에 맞는 길이·단계인지	For extra practice, an instructor is working through a warm-up question at the whiteboard and is unsure where to begin. For the equation shown, x is a real number. $2x^2 - 15x + 25 = 0$ What is the least value of x that satisfies 
nes.root.m_other_solution	medium	seed 0	968f8db1-d3c4-5512-a777-533788fc0d42	nes.root.m_other_solution/other_solution	질문이 묻는 양=정답 선지 / 지문 문자·수치↔식 일치 / 문장 틀이 해당 세부 패턴을 묻는지, 난이도(easy/medium)에 맞는 길이·단계인지	In a practice session, a tutor is working through a quiz question for a unit review and tries a different approach. The equation below has -5 as one of its solutions. $x^2 - 2x - 35 = 0$ What is the second solution? ⟶ 정답 7
nes.root.m_other_solution	medium	seed 1	abba9ae6-37f5-561b-a6c4-f45eac6faad9	nes.root.m_other_solution/other_solution	질문이 묻는 양=정답 선지 / 지문 문자·수치↔식 일치 / 문장 틀이 해당 세부 패턴을 묻는지, 난이도(easy/medium)에 맞는 길이·단계인지	During tutoring, a student is revising a practice problem for the class and plans to post the answer later. A student finds that x = 8 is a solution of the equation below. $x^2 - 64 = 0$ What is the second solution? ⟶ 정답 -8
nes.root.m_word_area	medium	seed 0	ce0500bd-b46a-5fb9-a65e-d4d323431467	nes.root.m_word_area/word_area	질문이 묻는 양=정답 선지 / 지문 문자·수치↔식 일치 / 문장 틀이 해당 세부 패턴을 묻는지, 난이도(easy/medium)에 맞는 길이·단계인지 / 명사-수식: area·perimeter 문장↔세운 식 일치(둘레/넓이 혼동 여부)	Today, a tutor is checking an old test item during a study session and plans to post the answer later. A rectangular poster has a width of w units and a length that is 6 units more than its width. The area of the poster is 55 squa
nes.root.m_word_area	medium	seed 1	4e976c34-72c4-517e-ad00-8f4ec2a6f35b	nes.root.m_word_area/word_area	질문이 묻는 양=정답 선지 / 지문 문자·수치↔식 일치 / 문장 틀이 해당 세부 패턴을 묻는지, 난이도(easy/medium)에 맞는 길이·단계인지 / 명사-수식: area·perimeter 문장↔세운 식 일치(둘레/넓이 혼동 여부)	As part of a unit review, a quiz writer is grading a worksheet problem for a math contest and hopes to explain it clearly. A rectangular garden has a width of w units and a length that is 3 units more than its width. The area of t
nes.sum_of_roots.m_rearranged	medium	seed 0	7452ff7e-0d17-508c-a87a-1ff0f8f1b216	nes.sum_of_roots.m_rearranged/rearranged_sum	질문이 묻는 양=정답 선지 / 지문 문자·수치↔식 일치 / 문장 틀이 해당 세부 패턴을 묻는지, 난이도(easy/medium)에 맞는 길이·단계인지	At the start of class, a student is reviewing a homework item with a partner and plans to post the answer later. Consider the equation below, which has two real solutions. $x^2 + 3x = 4$ If the two solutions are added, what is the
nes.sum_of_roots.m_rearranged	medium	seed 1	3c65f062-6bcb-5d06-a04f-ed4f0b03eba7	nes.sum_of_roots.m_rearranged/rearranged_sum	질문이 묻는 양=정답 선지 / 지문 문자·수치↔식 일치 / 문장 틀이 해당 세부 패턴을 묻는지, 난이도(easy/medium)에 맞는 길이·단계인지	At the start of class, a student is writing up a review exercise at the whiteboard and wonders which method is fastest. The equation below has two real solutions. $x(x - 16) = -63$ What is the sum of the solutions of the equation?
nes.product_of_roots.m_nonmonic	medium	seed 0	24eed2e3-1b28-52af-ab4c-3f1d27d2c56d	nes.product_of_roots.m_nonmonic/nonmonic_vieta	질문이 묻는 양=정답 선지 / 지문 문자·수치↔식 일치 / 문장 틀이 해당 세부 패턴을 묻는지, 난이도(easy/medium)에 맞는 길이·단계인지	In a practice session, a student is preparing a review exercise for a unit review and hopes to explain it clearly. Consider the equation below, which has two real solutions. $5x^2 + 15x - 90 = 0$ What is the sum of the two solutio
nes.product_of_roots.m_nonmonic	medium	seed 1	486e6c34-f4cc-5bf0-ae4f-ec4c1d174ca5	nes.product_of_roots.m_nonmonic/nonmonic_vieta	질문이 묻는 양=정답 선지 / 지문 문자·수치↔식 일치 / 문장 틀이 해당 세부 패턴을 묻는지, 난이도(easy/medium)에 맞는 길이·단계인지	In a practice session, a student is reviewing a review exercise for the class and wants to double-check the result. The quadratic equation below has two solutions. $5x^2 + 35x + 60 = 0$ If the two solutions are multiplied, what is
nes.irrational_sum_of_roots.m_vieta_irrational	medium	seed 0	212c56e9-a9df-5d38-afad-77f01fed69a3	nes.irrational_sum_of_roots.m_vieta_irrational/irrational_vieta	질문이 묻는 양=정답 선지 / 지문 문자·수치↔식 일치 / 문장 틀이 해당 세부 패턴을 묻는지, 난이도(easy/medium)에 맞는 길이·단계인지	As part of a unit review, an instructor is checking a review exercise before an exam and tries a different approach. Consider the equation below, which has two irrational real solutions. $4x^2 - 9x - 7 = 0$ If the two solutions ar
nes.irrational_sum_of_roots.m_vieta_irrational	medium	seed 1	624a189d-7f8b-5cea-abf8-0833d829ba17	nes.irrational_sum_of_roots.m_vieta_irrational/irrational_vieta	질문이 묻는 양=정답 선지 / 지문 문자·수치↔식 일치 / 문장 틀이 해당 세부 패턴을 묻는지, 난이도(easy/medium)에 맞는 길이·단계인지	At the start of class, a tutor is writing up a warm-up question with a partner and is unsure where to begin. The equation below has two real solutions that are not integers. $4x^2 - 8x - 8 = 0$ If the two solutions are added, what
nes.linear_quadratic_intersection.m_intersection_x	medium	seed 0	feb91d77-16a8-524c-aad7-f1107e70b0bd	nes.linear_quadratic_intersection.m_intersection_x/intersection_x	질문이 묻는 양=정답 선지 / 지문 문자·수치↔식 일치 / 문장 틀이 해당 세부 패턴을 묻는지, 난이도(easy/medium)에 맞는 길이·단계인지	As part of a unit review, a club advisor is revising a worksheet problem for a math contest and wants to see a clean solution. The system of equations below describes a parabola and a line that meet at two points in the xy-plane. 
nes.linear_quadratic_intersection.m_intersection_x	medium	seed 1	a0d1019d-0857-5863-aa17-c88925328dce	nes.linear_quadratic_intersection.m_intersection_x/intersection_x	질문이 묻는 양=정답 선지 / 지문 문자·수치↔식 일치 / 문장 틀이 해당 세부 패턴을 묻는지, 난이도(easy/medium)에 맞는 길이·단계인지	In a practice session, an instructor is preparing a homework item for a unit review and tries a different approach. The system of equations below describes a parabola and a line that meet at two points in the xy-plane. $y = x^2 + 
nes.parameter_discriminant.m_one_solution_c	medium	seed 0	895521f2-76f7-5ed9-ac35-96afb82bd461	nes.parameter_discriminant.m_one_solution_c/one_solution_constant	질문이 묻는 양=정답 선지 / 지문 문자·수치↔식 일치 / 문장 틀이 해당 세부 패턴을 묻는지, 난이도(easy/medium)에 맞는 길이·단계인지	At the start of class, a tutor is preparing a review exercise for the class and tries a different approach. In the equation given here, k is a positive constant, and the equation has exactly one real solution. $x^2 - 14x + k = 0$ 
nes.parameter_discriminant.m_one_solution_c	medium	seed 1	851e21d3-13df-5a68-a61a-e8d1e0d3831c	nes.parameter_discriminant.m_one_solution_c/one_solution_constant	질문이 묻는 양=정답 선지 / 지문 문자·수치↔식 일치 / 문장 틀이 해당 세부 패턴을 묻는지, 난이도(easy/medium)에 맞는 길이·단계인지	Last week, a student is working through an old test item during a study session and is unsure where to begin. In the equation below, m is a positive constant, and the equation has exactly one real solution. $x^2 + 12x + m = 0$ Wha
nes.num_real_solutions.m_discriminant_count	medium	seed 0	6e956fca-5a8a-5881-af9e-2158a093e4a4	nes.num_real_solutions.m_discriminant_count/discriminant_count	질문이 묻는 양=정답 선지 / 지문 문자·수치↔식 일치 / 문장 틀이 해당 세부 패턴을 묻는지, 난이도(easy/medium)에 맞는 길이·단계인지	In a practice session, a math teacher is revising an old test item for the class and tries a different approach. Look at the equation below, where x is a real number. $x^2 + 8x + 16 = 0$ How many real solutions does the equation h
nes.num_real_solutions.m_discriminant_count	medium	seed 1	74b761c3-3c34-5699-a9fa-b0ef19ccc41e	nes.num_real_solutions.m_discriminant_count/discriminant_count	질문이 묻는 양=정답 선지 / 지문 문자·수치↔식 일치 / 문장 틀이 해당 세부 패턴을 묻는지, 난이도(easy/medium)에 맞는 길이·단계인지	Today, a tutor is revising an old test item for a unit review and tries a different approach. Look at the equation below, where x is a real number. $x^2 - 2x - 3 = 0$ How many different real numbers x satisfy the equation? ⟶ 정답 2
nf.evaluate.e_quad_standard	easy	seed 0	4ba23467-eae6-5966-a967-92bf3b68fa11	nf.evaluate.e_quad_standard/quad_standard_eval	질문이 묻는 양=정답 선지 / 지문 문자·수치↔식 일치 / 문장 틀이 해당 세부 패턴을 묻는지, 난이도(easy/medium)에 맞는 길이·단계인지	At the start of class, a textbook author is writing up a review exercise at the whiteboard and hopes to explain it clearly. A quadratic function f is given below: $f(x) = 3x^2 - 5x - 4$. Find f(5). ⟶ 정답 46
nf.evaluate.e_quad_standard	easy	seed 1	091989a1-02cf-54b7-abbe-a05131042831	nf.evaluate.e_quad_standard/quad_standard_eval	질문이 묻는 양=정답 선지 / 지문 문자·수치↔식 일치 / 문장 틀이 해당 세부 패턴을 묻는지, 난이도(easy/medium)에 맞는 길이·단계인지	Last week, a math teacher is writing up a homework item at the whiteboard and is unsure where to begin. The function f is defined by the equation below: $f(x) = x^2 - 3x - 2$. Find f(4). ⟶ 정답 2
nf.evaluate.e_exp_value	easy	seed 0	8c55dcf9-22d4-5060-a482-a85cc16ebdd8	nf.evaluate.e_exp_value/exp_value	질문이 묻는 양=정답 선지 / 지문 문자·수치↔식 일치 / 문장 틀이 해당 세부 패턴을 묻는지, 난이도(easy/medium)에 맞는 길이·단계인지	For extra practice, a textbook author is revising a worksheet problem for a math contest and wonders which method is fastest. The number of followers of an online account is modeled by $N(t) = 5 \cdot 4^t$, where t is the number o
nf.evaluate.e_exp_value	easy	seed 1	326c8094-046e-5e5d-a4ee-c917e063a8bd	nf.evaluate.e_exp_value/exp_value	질문이 묻는 양=정답 선지 / 지문 문자·수치↔식 일치 / 문장 틀이 해당 세부 패턴을 묻는지, 난이도(easy/medium)에 맞는 길이·단계인지	Today, a student is working through a quiz question for a math contest and tries a different approach. The number of cells in a sample is modeled by $N(t) = 6 \cdot 4^t$, where t is the number of hours since the first measurement.
nf.vertex_x.e_standard_formula	easy	seed 0	f943b166-533b-5ec1-a1c4-ce822b7d3332	nf.vertex_x.e_standard_formula/vertex_x_formula	질문이 묻는 양=정답 선지 / 지문 문자·수치↔식 일치 / 문장 틀이 해당 세부 패턴을 묻는지, 난이도(easy/medium)에 맞는 길이·단계인지	Today, a club advisor is grading a practice problem at the whiteboard and is unsure where to begin. Let f be the function defined below: $f(x) = -x^2 + 12x + 4$. What is the x-coordinate of the vertex of the graph of y = f(x)? ⟶ 정
nf.vertex_x.e_standard_formula	easy	seed 1	d6078ec1-1de8-5d09-a414-192376107443	nf.vertex_x.e_standard_formula/vertex_x_formula	질문이 묻는 양=정답 선지 / 지문 문자·수치↔식 일치 / 문장 틀이 해당 세부 패턴을 묻는지, 난이도(easy/medium)에 맞는 길이·단계인지	At the start of class, a club advisor is reviewing a quiz question for a math contest and wants to see a clean solution. A quadratic function f is given below: $f(x) = x^2 - 14x + 5$. What is the x-coordinate of the vertex of the 
nf.find_x_for_value.e_exp_solve	easy	seed 0	f1173b7d-7ebf-5cf4-a834-7e5b434625f0	nf.find_x_for_value.e_exp_solve/exp_solve	질문이 묻는 양=정답 선지 / 지문 문자·수치↔식 일치 / 문장 틀이 해당 세부 패턴을 묻는지, 난이도(easy/medium)에 맞는 길이·단계인지	Last week, a math teacher is revising a quiz question before an exam and wants to see a clean solution. The number of cells in a sample is modeled by $N(t) = 7 \cdot 2^t$, where t is the number of weeks since the first measurement
nf.find_x_for_value.e_exp_solve	easy	seed 1	a18f836c-4640-5c79-a2cd-bcbdc84ef54f	nf.find_x_for_value.e_exp_solve/exp_solve	질문이 묻는 양=정답 선지 / 지문 문자·수치↔식 일치 / 문장 틀이 해당 세부 패턴을 묻는지, 난이도(easy/medium)에 맞는 길이·단계인지	Today, a study group is presenting a homework item during a study session and wonders which method is fastest. The number of followers of an online account is modeled by $N(t) = 2 \cdot 5^t$, where t is the number of weeks since t
nf.evaluate.m_negative_input	medium	seed 0	5993affa-94c6-5849-a1eb-9b29e40188f6	nf.evaluate.m_negative_input/negative_input_eval	질문이 묻는 양=정답 선지 / 지문 문자·수치↔식 일치 / 문장 틀이 해당 세부 패턴을 묻는지, 난이도(easy/medium)에 맞는 길이·단계인지	Today, a tutor is preparing a quiz question at the whiteboard and tries a different approach. The function f is defined by the equation below: $f(x) = -x^2 + 4x + 9$. Find f(-1). ⟶ 정답 4
nf.evaluate.m_negative_input	medium	seed 1	d04309e6-1e5c-59a0-aefb-102a8a5d00c1	nf.evaluate.m_negative_input/negative_input_eval	질문이 묻는 양=정답 선지 / 지문 문자·수치↔식 일치 / 문장 틀이 해당 세부 패턴을 묻는지, 난이도(easy/medium)에 맞는 길이·단계인지	During tutoring, a study group is reviewing a quiz question for a math contest and tries a different approach. Let f be the function defined below: $f(x) = -2x^2 - 3x - 3$. What is the value of f(-5)? ⟶ 정답 -38
nf.evaluate.m_function_difference	medium	seed 0	ab53e1f3-93fc-5f3e-ab58-47352655e541	nf.evaluate.m_function_difference/function_difference	질문이 묻는 양=정답 선지 / 지문 문자·수치↔식 일치 / 문장 틀이 해당 세부 패턴을 묻는지, 난이도(easy/medium)에 맞는 길이·단계인지	For extra practice, a student is preparing an old test item at the whiteboard and is unsure where to begin. Let f be the function defined below: $f(x) = 3x^2 + 4x - 2$. Find f(3) - f(1). ⟶ 정답 32
nf.evaluate.m_function_difference	medium	seed 1	6d9efdab-6d79-50e0-a04e-ce779b8e9c7a	nf.evaluate.m_function_difference/function_difference	질문이 묻는 양=정답 선지 / 지문 문자·수치↔식 일치 / 문장 틀이 해당 세부 패턴을 묻는지, 난이도(easy/medium)에 맞는 길이·단계인지	Today, a club advisor is checking a homework item during a study session and wants to see a clean solution. A quadratic function f is given below: $f(x) = -x^2 - x + 9$. Find f(6) - f(1). ⟶ 정답 -40
nf.vertex_x.m_symmetry_points	medium	seed 0	02ffd7af-54cf-5930-a8dd-3fc7d725ed85	nf.vertex_x.m_symmetry_points/symmetric_points_vertex	질문이 묻는 양=정답 선지 / 지문 문자·수치↔식 일치 / 문장 틀이 해당 세부 패턴을 묻는지, 난이도(easy/medium)에 맞는 길이·단계인지	In a practice session, a study group is grading an old test item for the class and is unsure where to begin. A parabola in the xy-plane passes through the points (-2, -7) and (6, -7). What is the x-coordinate of the vertex of the 
nf.vertex_x.m_symmetry_points	medium	seed 1	bd5aded8-b720-53e3-ad81-0d7dc33fd57d	nf.vertex_x.m_symmetry_points/symmetric_points_vertex	질문이 묻는 양=정답 선지 / 지문 문자·수치↔식 일치 / 문장 틀이 해당 세부 패턴을 묻는지, 난이도(easy/medium)에 맞는 길이·단계인지	For extra practice, a textbook author is reviewing a review exercise for a unit review and wants to see a clean solution. A parabola in the xy-plane passes through the points (3, -9) and (7, -9). At what value of x does the graph 
nf.vertex_y.m_min_value_standard	medium	seed 0	625f137f-254c-5b6b-a2ab-e57600ee0d70	nf.vertex_y.m_min_value_standard/extreme_value_standard	질문이 묻는 양=정답 선지 / 지문 문자·수치↔식 일치 / 문장 틀이 해당 세부 패턴을 묻는지, 난이도(easy/medium)에 맞는 길이·단계인지	In a practice session, a quiz writer is checking a practice problem before an exam and wants to double-check the result. The function f is defined by the equation below: $f(x) = -2x^2 + 28x + 8$. Find the maximum value of f. ⟶ 정답 
nf.vertex_y.m_min_value_standard	medium	seed 1	7e8826d5-61ca-52b3-a7ef-801202b38081	nf.vertex_y.m_min_value_standard/extreme_value_standard	질문이 묻는 양=정답 선지 / 지문 문자·수치↔식 일치 / 문장 틀이 해당 세부 패턴을 묻는지, 난이도(easy/medium)에 맞는 길이·단계인지	Last week, a tutor is writing up a homework item for a math contest and wonders which method is fastest. A quadratic function f is given below: $f(x) = x^2 - 14x + 2$. Find the minimum value of f. ⟶ 정답 -47
nf.vertex_y.m_max_projectile	medium	seed 0	9a7763ab-5a91-5869-a1bc-eaac9ebd3f68	nf.vertex_y.m_max_projectile/projectile_max_height	질문이 묻는 양=정답 선지 / 지문 문자·수치↔식 일치 / 문장 틀이 해당 세부 패턴을 묻는지, 난이도(easy/medium)에 맞는 길이·단계인지	For extra practice, a study group is revising a homework item before an exam and tries a different approach. A model rocket is launched from a small hill. The height of the rocket, in feet, t seconds after it is launched is modele
nf.vertex_y.m_max_projectile	medium	seed 2	31db453f-91e2-57cb-ac47-d13730f19182	nf.vertex_y.m_max_projectile/projectile_max_height	질문이 묻는 양=정답 선지 / 지문 문자·수치↔식 일치 / 문장 틀이 해당 세부 패턴을 묻는지, 난이도(easy/medium)에 맞는 길이·단계인지	For extra practice, a math teacher is grading a homework item with a partner and wants to see a clean solution. A model rocket is launched from a small hill. The height of the rocket, in feet, t seconds after it is launched is mod
nf.find_x_for_value.m_exp_double_period	medium	seed 0	2dc79419-e17a-5c56-a432-7f5405646332	nf.find_x_for_value.m_exp_double_period/doubling_time	질문이 묻는 양=정답 선지 / 지문 문자·수치↔식 일치 / 문장 틀이 해당 세부 패턴을 묻는지, 난이도(easy/medium)에 맞는 길이·단계인지	At the start of class, a textbook author is grading a warm-up question for the class and wonders which method is fastest. There are 7 followers of an online account at the start of an experiment. The number doubles every 6 hours. 
nf.find_x_for_value.m_exp_double_period	medium	seed 1	98862f33-f380-5a00-a093-37559fc2d151	nf.find_x_for_value.m_exp_double_period/doubling_time	질문이 묻는 양=정답 선지 / 지문 문자·수치↔식 일치 / 문장 틀이 해당 세부 패턴을 묻는지, 난이도(easy/medium)에 맞는 길이·단계인지	In a practice session, a math teacher is grading a quiz question during a study session and wants to double-check the result. There are 13 bacteria in a culture at the start of an experiment. The number doubles every 8 years. At w
nf.interpret_a.m_initial_amount	medium	seed 0	44ed92da-cec9-5674-a1d1-86aeaffddba9	nf.interpret_a.m_initial_amount/initial_amount	질문이 묻는 양=정답 선지 / 지문 문자·수치↔식 일치 / 문장 틀이 해당 세부 패턴을 묻는지, 난이도(easy/medium)에 맞는 길이·단계인지	Last week, a club advisor is preparing a warm-up question for a math contest and wonders which method is fastest. The number of yeast cells in a dish is modeled by $N(t) = a \cdot 2^t$, where a is a positive constant and t is the 
nf.interpret_a.m_initial_amount	medium	seed 1	0ca611b7-98fc-59d3-a9a0-909007325d48	nf.interpret_a.m_initial_amount/initial_amount	질문이 묻는 양=정답 선지 / 지문 문자·수치↔식 일치 / 문장 틀이 해당 세부 패턴을 묻는지, 난이도(easy/medium)에 맞는 길이·단계인지	At the start of class, a quiz writer is revising a review exercise for a math contest and is unsure where to begin. The number of bacteria in a culture is modeled by $N(t) = a \cdot 2^t$, where a is a positive constant and t is th
nf.interpret_b.m_growth_percent	medium	seed 0	aeccd63b-b29e-5c08-a06e-25cd23b92e87	nf.interpret_b.m_growth_percent/growth_percent	질문이 묻는 양=정답 선지 / 지문 문자·수치↔식 일치 / 문장 틀이 해당 세부 패턴을 묻는지, 난이도(easy/medium)에 맞는 길이·단계인지	During tutoring, a student is reviewing a practice problem at the whiteboard and wants to double-check the result. The value of an investment is modeled by $f(t) = 35(1.1)^t$, where t is the number of months since the model starts
nf.interpret_b.m_growth_percent	medium	seed 1	6ddaaa99-664f-5da9-ace9-d40b27d693a0	nf.interpret_b.m_growth_percent/growth_percent	질문이 묻는 양=정답 선지 / 지문 문자·수치↔식 일치 / 문장 틀이 해당 세부 패턴을 묻는지, 난이도(easy/medium)에 맞는 길이·단계인지	For extra practice, a quiz writer is grading a quiz question for a math contest and wants to see a clean solution. The number of subscribers is modeled by $f(t) = 85(1.3)^t$, where t is the number of days since the model starts. T
ee.polynomial_distribution.e_distribute_single	easy	seed 0	519c581a-5acf-587f-ac2c-8880d6e5f2bf	ee.polynomial_distribution.e_distribute_single/distribute_single	질문이 묻는 양=정답 선지 / 지문 문자·수치↔식 일치 / 문장 틀이 해당 세부 패턴을 묻는지, 난이도(easy/medium)에 맞는 길이·단계인지	As part of a unit review, a quiz writer is reviewing a review exercise during a study session and is unsure where to begin. The expression below is written in terms of x. $-2(x - 2)$ Which expression is equivalent to the given exp
ee.polynomial_distribution.e_distribute_single	easy	seed 1	215a1413-2dc9-52af-a5e3-480a5917f050	ee.polynomial_distribution.e_distribute_single/distribute_single	질문이 묻는 양=정답 선지 / 지문 문자·수치↔식 일치 / 문장 틀이 해당 세부 패턴을 묻는지, 난이도(easy/medium)에 맞는 길이·단계인지	Today, a club advisor is checking a homework item during a study session and wants to double-check the result. The expression below is written in terms of x. $5(x + 8)$ Which expression is equivalent to the given expression? ⟶ 정답 
ee.polynomial_distribution.e_combine_like_terms	easy	seed 0	dfa2f32d-a09f-5420-a68f-79ef30ef29df	ee.polynomial_distribution.e_combine_like_terms/combine_like_terms	질문이 묻는 양=정답 선지 / 지문 문자·수치↔식 일치 / 문장 틀이 해당 세부 패턴을 묻는지, 난이도(easy/medium)에 맞는 길이·단계인지	In a practice session, a club advisor is grading a homework item during a study session and hopes to explain it clearly. An expression is given below. $(2n + 3) - (-3n - 3)$ Which expression is equivalent to the given expression? 
ee.polynomial_distribution.e_combine_like_terms	easy	seed 1	868c20ed-8f54-5fc6-a24d-c660a43aa125	ee.polynomial_distribution.e_combine_like_terms/combine_like_terms	질문이 묻는 양=정답 선지 / 지문 문자·수치↔식 일치 / 문장 틀이 해당 세부 패턴을 묻는지, 난이도(easy/medium)에 맞는 길이·단계인지	As part of a unit review, a club advisor is preparing a warm-up question for a math contest and is unsure where to begin. In a worksheet, the expression below appears. $(-3x + 8) + (-2x + 4)$ Which option is equal to the expressio
ee.polynomial_distribution.e_distribute_plus_constant	easy	seed 0	358f03d9-b180-56f5-ac68-1e94b873aaec	ee.polynomial_distribution.e_distribute_plus_constant/distribute_plus_constant	질문이 묻는 양=정답 선지 / 지문 문자·수치↔식 일치 / 문장 틀이 해당 세부 패턴을 묻는지, 난이도(easy/medium)에 맞는 길이·단계인지	For extra practice, a textbook author is revising an old test item for a math contest and wants to see a clean solution. A student simplifies the expression below. $-3(x + 3) - 5$ Which expression is equivalent to the given expres
ee.polynomial_distribution.e_distribute_plus_constant	easy	seed 1	b2e2a41c-c024-530c-a0bd-036546777f8e	ee.polynomial_distribution.e_distribute_plus_constant/distribute_plus_constant	질문이 묻는 양=정답 선지 / 지문 문자·수치↔식 일치 / 문장 틀이 해당 세부 패턴을 묻는지, 난이도(easy/medium)에 맞는 길이·단계인지	Last week, a math teacher is revising a quiz question for a math contest and wants to see a clean solution. A student simplifies the expression below. $5(n - 1) - 6$ The given expression is equivalent to which of the following? ⟶ 
ee.polynomial_distribution.e_factor_common	easy	seed 0	2606d655-e218-50e2-a535-b4f30692e78b	ee.polynomial_distribution.e_factor_common/factor_common	질문이 묻는 양=정답 선지 / 지문 문자·수치↔식 일치 / 문장 틀이 해당 세부 패턴을 묻는지, 난이도(easy/medium)에 맞는 길이·단계인지	Last week, a textbook author is reviewing a practice problem for the class and wants to see a clean solution. An expression is given below. $9x - 36$ Which of the following is equivalent to the expression? ⟶ 정답 $9(x - 4)$
ee.polynomial_distribution.e_factor_common	easy	seed 1	09ae4f1f-af13-5117-a2c3-f6c205d0232e	ee.polynomial_distribution.e_factor_common/factor_common	질문이 묻는 양=정답 선지 / 지문 문자·수치↔식 일치 / 문장 틀이 해당 세부 패턴을 묻는지, 난이도(easy/medium)에 맞는 길이·단계인지	As part of a unit review, a tutor is preparing a homework item during a study session and wants to see a clean solution. Consider the expression below. $9t - 18$ The given expression is equivalent to which of the following? ⟶ 정답 $
ee.polynomial_distribution.m_binomial_product	medium	seed 0	26e61195-438b-56e9-aedc-81d29feea81a	ee.polynomial_distribution.m_binomial_product/binomial_product	질문이 묻는 양=정답 선지 / 지문 문자·수치↔식 일치 / 문장 틀이 해당 세부 패턴을 묻는지, 난이도(easy/medium)에 맞는 길이·단계인지	During tutoring, a study group is presenting a review exercise for a math contest and tries a different approach. A student is asked to rewrite the expression below. $(3x + 1)(x - 5)$ Which expression is equivalent to the given ex
ee.polynomial_distribution.m_binomial_product	medium	seed 1	54e8fd8d-9421-59aa-ae5e-380eb20dc1ca	ee.polynomial_distribution.m_binomial_product/binomial_product	질문이 묻는 양=정답 선지 / 지문 문자·수치↔식 일치 / 문장 틀이 해당 세부 패턴을 묻는지, 난이도(easy/medium)에 맞는 길이·단계인지	At the start of class, a textbook author is checking a practice problem for the class and wants to double-check the result. A student simplifies the expression below. $(3x - 4)(x - 2)$ Which option is equal to the expression for a
ee.polynomial_distribution.m_square_binomial	medium	seed 0	fd918d85-b554-57e8-ad09-bdb58083f4e3	ee.polynomial_distribution.m_square_binomial/square_binomial	질문이 묻는 양=정답 선지 / 지문 문자·수치↔식 일치 / 문장 틀이 해당 세부 패턴을 묻는지, 난이도(easy/medium)에 맞는 길이·단계인지	Last week, a club advisor is reviewing a quiz question for a math contest and plans to post the answer later. An expression is given below. $(3t + 7)^2$ Which option is equal to the expression for all values of t? ⟶ 정답 $9t^2 + 42t
ee.polynomial_distribution.m_square_binomial	medium	seed 1	4459f477-4f45-5557-af5d-96cfba8bc3f3	ee.polynomial_distribution.m_square_binomial/square_binomial	질문이 묻는 양=정답 선지 / 지문 문자·수치↔식 일치 / 문장 틀이 해당 세부 패턴을 묻는지, 난이도(easy/medium)에 맞는 길이·단계인지	In a practice session, a quiz writer is presenting a homework item for a unit review and wants to see a clean solution. A student simplifies the expression below. $(2x - 8)^2$ Which expression is equivalent to the given expression
ee.polynomial_distribution.m_difference_squares	medium	seed 0	43b3e1fc-4528-56b6-a7c6-83afc71e1208	ee.polynomial_distribution.m_difference_squares/difference_of_squares	질문이 묻는 양=정답 선지 / 지문 문자·수치↔식 일치 / 문장 틀이 해당 세부 패턴을 묻는지, 난이도(easy/medium)에 맞는 길이·단계인지	During tutoring, a quiz writer is grading a practice problem with a partner and wants to see a clean solution. A student is asked to rewrite the expression below. $(2z - 6)(2z + 6)$ The given expression is equivalent to which of t
ee.polynomial_distribution.m_difference_squares	medium	seed 1	7d74db2d-0f59-5900-adfb-566790e1b252	ee.polynomial_distribution.m_difference_squares/difference_of_squares	질문이 묻는 양=정답 선지 / 지문 문자·수치↔식 일치 / 문장 틀이 해당 세부 패턴을 묻는지, 난이도(easy/medium)에 맞는 길이·단계인지	At the start of class, a study group is grading a review exercise for the class and plans to post the answer later. A student is asked to rewrite the expression below. $(5t - 1)(5t + 1)$ Which expression is equivalent to the given
ee.polynomial_distribution.m_factor_quadratic	medium	seed 0	0a8a7ebe-62fa-5120-ac6c-7c91fbeba2e5	ee.polynomial_distribution.m_factor_quadratic/factor_quadratic	질문이 묻는 양=정답 선지 / 지문 문자·수치↔식 일치 / 문장 틀이 해당 세부 패턴을 묻는지, 난이도(easy/medium)에 맞는 길이·단계인지	In a practice session, a quiz writer is presenting a review exercise at the whiteboard and hopes to explain it clearly. A student is asked to rewrite the expression below. $z^2 - 11z + 30$ Which of the following is equivalent to t
ee.polynomial_distribution.m_factor_quadratic	medium	seed 1	0061505a-850f-5a0f-aad2-5f2e00c63fa7	ee.polynomial_distribution.m_factor_quadratic/factor_quadratic	질문이 묻는 양=정답 선지 / 지문 문자·수치↔식 일치 / 문장 틀이 해당 세부 패턴을 묻는지, 난이도(easy/medium)에 맞는 길이·단계인지	At the start of class, a teaching assistant is presenting a homework item at the whiteboard and wants to see a clean solution. The expression below is written in terms of z. $z^2 + 3z - 18$ The given expression is equivalent to wh
ee.rational_equivalence.m_cancel_common_factor	medium	seed 0	ab65bc1c-7e08-5c1b-a911-ae141f9b1866	ee.rational_equivalence.m_cancel_common_factor/cancel_common_factor	질문이 묻는 양=정답 선지 / 지문 문자·수치↔식 일치 / 문장 틀이 해당 세부 패턴을 묻는지, 난이도(easy/medium)에 맞는 길이·단계인지	During tutoring, a quiz writer is checking a review exercise before an exam and is unsure where to begin. A student is asked to rewrite the expression below. $\frac{t^2 + 3t - 10}{t + 5}$, where t is not equal to -5. Which option 
ee.rational_equivalence.m_cancel_common_factor	medium	seed 1	bd7d3562-79a2-5400-ab5a-943a4e54b88b	ee.rational_equivalence.m_cancel_common_factor/cancel_common_factor	질문이 묻는 양=정답 선지 / 지문 문자·수치↔식 일치 / 문장 틀이 해당 세부 패턴을 묻는지, 난이도(easy/medium)에 맞는 길이·단계인지	For extra practice, a quiz writer is presenting an old test item at the whiteboard and wants to double-check the result. A student simplifies the expression below. $\frac{z^2 - 6z + 5}{z - 1}$, where z is not equal to 1. Which opt
ee.rational_equivalence.m_add_same_denominator	medium	seed 0	447c8ea3-4479-5976-ad2a-667cb4f9066c	ee.rational_equivalence.m_add_same_denominator/add_same_denominator	질문이 묻는 양=정답 선지 / 지문 문자·수치↔식 일치 / 문장 틀이 해당 세부 패턴을 묻는지, 난이도(easy/medium)에 맞는 길이·단계인지	In a practice session, a teaching assistant is revising a practice problem before an exam and plans to post the answer later. A student is asked to rewrite the expression below. $\frac{-5x + 3}{x + 4} + \frac{6x + 6}{x + 4}$ Which
ee.rational_equivalence.m_add_same_denominator	medium	seed 1	5ba6ce81-7579-5929-a8fd-337f5e4c898e	ee.rational_equivalence.m_add_same_denominator/add_same_denominator	질문이 묻는 양=정답 선지 / 지문 문자·수치↔식 일치 / 문장 틀이 해당 세부 패턴을 묻는지, 난이도(easy/medium)에 맞는 길이·단계인지	In a practice session, a quiz writer is revising a practice problem before an exam and hopes to explain it clearly. The expression below is written in terms of x. $\frac{-2x + 3}{x + 4} + \frac{-4x - 5}{x + 4}$ Which expression is
ee.polynomial_distribution.m_area_expression	medium	seed 0	2b324841-1d8d-5c17-ace4-0a6098052e6d	ee.polynomial_distribution.m_area_expression/rectangle_expression	질문이 묻는 양=정답 선지 / 지문 문자·수치↔식 일치 / 문장 틀이 해당 세부 패턴을 묻는지, 난이도(easy/medium)에 맞는 길이·단계인지 / 명사-수식: perimeter 문장↔세운 식 일치(둘레/넓이 혼동 여부)	Today, a teaching assistant is revising a practice problem for the class and wonders which method is fastest. A rectangular banner has a length of $x + 1$ feet and a width of $x + 8$ feet, where x is a positive number. Which of th
ee.polynomial_distribution.m_area_expression	medium	seed 1	893f1474-c58e-5eb8-a5ff-a6635c0980ab	ee.polynomial_distribution.m_area_expression/rectangle_expression	질문이 묻는 양=정답 선지 / 지문 문자·수치↔식 일치 / 문장 틀이 해당 세부 패턴을 묻는지, 난이도(easy/medium)에 맞는 길이·단계인지 / 명사-수식: area 문장↔세운 식 일치(둘레/넓이 혼동 여부)	At the start of class, a teaching assistant is preparing a practice problem before an exam and wants to double-check the result. A rectangular patio has a length of $z + 3$ feet and a width of $z + 6$ feet, where z is a positive n
ee.polynomial_distribution.m_exponent_rules	medium	seed 0	acf1b76d-6352-5b68-a58e-b09f06a357f6	ee.polynomial_distribution.m_exponent_rules/exponent_power	질문이 묻는 양=정답 선지 / 지문 문자·수치↔식 일치 / 문장 틀이 해당 세부 패턴을 묻는지, 난이도(easy/medium)에 맞는 길이·단계인지	Last week, a quiz writer is preparing a homework item with a partner and is unsure where to begin. Consider the expression below. $(4z^2)^3$ Which option is equal to the expression for all values of z? ⟶ 정답 $64z^6$
ee.polynomial_distribution.m_exponent_rules	medium	seed 1	8be1bea4-7d05-51b2-a4ad-6f38b7888987	ee.polynomial_distribution.m_exponent_rules/exponent_power	질문이 묻는 양=정답 선지 / 지문 문자·수치↔식 일치 / 문장 틀이 해당 세부 패턴을 묻는지, 난이도(easy/medium)에 맞는 길이·단계인지	Last week, a club advisor is checking a worksheet problem for the class and hopes to explain it clearly. Consider the expression below. $(4z^4)^2$ The given expression is equivalent to which of the following? ⟶ 정답 $16z^8$
