archetype	difficulty	seed	gid	subpattern	의미 일치 점검 포인트(수=수량 명사, ask=질문의 양)	지문 미리보기
pct.percent_of.compose_kind	hard	0	2b8a0f04-2d4a-5f49-ac4f-df830f955c61	pct.percent_of.compose_kind/add_water	4=sugar, 2=sugar, ask=water	A pot is filled with 72 liters of a 4% sugar solution. The only change is that pure water is poured in, and no
pct.percent_of.compose_kind	hard	1	7e025cab-683d-567e-a7a1-a39a7f86d005	pct.percent_of.compose_kind/add_water	18=salt, 3=salt, ask=water	Only pure water is added, and the salt itself is not added or removed. One tank contains 80 liters of an 18% s
pct.percent_of.chain2	hard	0	84fdfb50-3757-5831-af66-287a161fc57e	pct.percent_of.chain2/frame	기계 검사 대상 아님 — 육안: 퍼센트가 가리키는 기준량(전체·처음 값·남은 값)과 문장의 집단·방향어(증가/감소)가 일치하는지	480 shoppers at a shop took part in a survey. Of these, 10% use a coupon. 50% of the people in that group use 
pct.percent_of.chain2	hard	1	38c629e3-f64a-51ee-ade6-26c11256aebd	pct.percent_of.chain2/frame	기계 검사 대상 아님 — 육안: 퍼센트가 가리키는 기준량(전체·처음 값·남은 값)과 문장의 집단·방향어(증가/감소)가 일치하는지	A survey was given to 640 runners in a race. Of these, 10% finish in under an hour. Within that group, 75% fin
pct.percent_of.inverse	hard	0	e0f80663-48b5-577d-a02f-a66870249225	pct.percent_of.inverse/frame	ask=Marcus	Priya puts 40% of the weekly tips in a jar, and Marcus puts 50% of the weekly tips in a jar. Their jars hold t
pct.percent_of.inverse	hard	1	e2bd6a7a-7bef-58e5-a8ab-28218110ea2c	pct.percent_of.inverse/frame	ask=Jamal	Wen puts 25% of the weekly tips in a jar, and Jamal puts 50% of the weekly tips in a jar. Their jars hold the 
pct.percent_of.compare_scenarios	hard	0	32fb5822-ca10-5c39-aed2-4be7bf5ca69d	pct.percent_of.compare_scenarios/flat_plus_percent	20=decrease, 5=decrease, 18=decrease, ask=list price	Outlet takes 20% off the list price. Boutique first takes 18 dollars off the list price and then applies 5% of
pct.percent_of.compare_scenarios	hard	1	48a6abfe-f7b0-5dd8-a634-e7edb240d158	pct.percent_of.compare_scenarios/flat_plus_percent	22=decrease, 10=decrease, 48=decrease, ask=list price	Boutique first takes 48 dollars off the list price and then takes 10% off the reduced price. A jacket has the 
pct.find_whole.chain2	hard	0	762e25a7-9aaa-5132-a06d-c7130dcae348	pct.find_whole.chain2/two_expenses	기계 검사 대상 아님 — 육안: 퍼센트가 가리키는 기준량(전체·처음 값·남은 값)과 문장의 집단·방향어(증가/감소)가 일치하는지	A student spends 25% of its summer earnings on a laptop. Next it spends 20% of the amount remaining on books. 
pct.find_whole.chain2	hard	1	c44ad4fc-6f3b-535d-a580-07e959fdc03f	pct.find_whole.chain2/two_expenses	기계 검사 대상 아님 — 육안: 퍼센트가 가리키는 기준량(전체·처음 값·남은 값)과 문장의 집단·방향어(증가/감소)가 일치하는지	A club uses 20% of its annual fundraising total on equipment. Next it spends 50% of the amount remaining on tr
pct.find_whole.inverse	hard	0	ac8d30b5-4615-537c-a5e1-9e7269783acc	pct.find_whole.inverse/reverse_direction	10=increase, ask=value	The number of daily visitors to a park grew by 10% and has become 110 visitors. Please treat each reported val
pct.find_whole.inverse	hard	1	8b7ff482-1ebb-5aea-ad66-c0de7dc4eab7	pct.find_whole.inverse/reverse_direction	50=increase, ask=value	A club's membership grew by 50% to reach 420 members. The facts above were reported by a reliable witness.
pct.find_whole.unit_ratio	hard	0	ad50e2e5-2925-5c54-afaa-f3410a3e16bf	pct.find_whole.unit_ratio/frame	20=cement, 1=cement, ask=grams	A bag of concrete mix is 20% cement by mass. In all, there is 1 kilogram of cement. The situation was explaine
pct.find_whole.unit_ratio	hard	1	afe0ec27-52fb-559b-a0fd-4a3ba9ea92d7	pct.find_whole.unit_ratio/frame	40=nitrogen, 2=nitrogen, ask=grams	A sack of fertilizer is 40% nitrogen by mass. It holds 2 kilograms of nitrogen. Nothing else changed while the
pct.find_whole.compare_scenarios	hard	0	0fcdd52c-80a2-5163-a93e-5c5b5495d393	pct.find_whole.compare_scenarios/equal_contents	320=Container P, ask=water	Container P is filled up to 70% of its capacity, and container Q is filled up to 38% of its capacity. Both con
pct.find_whole.compare_scenarios	hard	1	6aa679b1-a1df-5868-ae55-d6307f7fa115	pct.find_whole.compare_scenarios/equal_contents	80=Container P, ask=water	Container P is 45% full, and container Q is 35% full. Both contain the same volume of water. Container P's cap
pct.percent_change.chain2	hard	0	1815d77e-9f04-58fd-ace9-1ea27236047c	pct.percent_change.chain2/decline	기계 검사 대상 아님 — 육안: 퍼센트가 가리키는 기준량(전체·처음 값·남은 값)과 문장의 집단·방향어(증가/감소)가 일치하는지	A company's monthly sales shrank from 50 to 20 units in one month. The next month brings a change of the same 
pct.percent_change.chain2	hard	1	4fb85f8d-348f-56d3-ac94-85248126f297	pct.percent_change.chain2/decline	기계 검사 대상 아님 — 육안: 퍼센트가 가리키는 기준량(전체·처음 값·남은 값)과 문장의 집단·방향어(증가/감소)가 일치하는지	In the following year, the percent change is an identical as in the first. A town's population shrank from 100
pct.percent_change.inverse	hard	0	6c87eaa5-e7b8-53d0-af9d-193eb66dd47c	pct.percent_change.inverse/raise_then_discount	50=increase, 20=decrease, 120=increase, ask=price	The price of a textbook at a bookstore went up by 50%, which added 120 dollars to the price. Then a 20% discou
pct.percent_change.inverse	hard	1	4f4efd13-7559-5c67-a8b8-0d0cce8f491f	pct.percent_change.inverse/raise_then_discount	40=increase, 50=decrease, 24=increase, ask=price	The price of a textbook at a bookstore went up by 40%, which added 24 dollars to the price. Afterward, the boo
pct.percent_change.compare_scenarios	hard	0	8d395721-3f4a-5bac-a42d-da5b7650ec78	pct.percent_change.compare_scenarios/rise_vs_fall	20=City A, 100=City B, ask=percentage points	Over the same period, the number at City B fell from 100 to 75. Over the past decade, the number of thousand r
pct.percent_change.compare_scenarios	hard	1	78b561e0-899d-5248-a9e5-b4bac482b4e0	pct.percent_change.compare_scenarios/rise_vs_fall	250=Plant X, 50=Plant Y, ask=percentage points	Over an identical period, the number at Plant Y fell from 50 to 45. Across the past decade, the number of work
pct.percent_change.unit_ratio	hard	0	cc9ba4f8-ebed-52db-a405-cca6fbde4a35	pct.percent_change.unit_ratio/frame	40=gets, 50=gets, ask=fuel	A scooter achieves 40 kilometers per liter. Once it is tuned up it achieves 50 kilometers per liter. Both befo
pct.percent_change.unit_ratio	hard	1	15c2a342-a45e-5c0a-a67a-4f4ae6ea7164	pct.percent_change.unit_ratio/frame	30=gets, 50=gets, ask=fuel	A tour bus gets 30 kilometers per liter. Once it is tuned up it gets 50 kilometers per liter. Afterward it mak
pct.find_percent.inverse	hard	0	38e068dc-cc49-5cde-a4a0-979ce77131c8	pct.find_percent.inverse/target_rate	기계 검사 대상 아님 — 육안: 퍼센트가 가리키는 기준량(전체·처음 값·남은 값)과 문장의 집단·방향어(증가/감소)가 일치하는지	There are 15 more free throws to go. Ava answered 19 of the opening 25 free throws successfully. These details
pct.find_percent.inverse	hard	1	aea41799-9f68-5602-ad2e-0def8c1fb482	pct.find_percent.inverse/target_rate	기계 검사 대상 아님 — 육안: 퍼센트가 가리키는 기준량(전체·처음 값·남은 값)과 문장의 집단·방향어(증가/감소)가 일치하는지	40 more free throws are left. Ava answered 7 of the initial 10 free throws successfully. The details were writ
pct.find_percent.chain2	hard	0	55ab33fd-c48d-53c9-a8dc-b21160c239f7	pct.find_percent.chain2/frame	기계 검사 대상 아님 — 육안: 퍼센트가 가리키는 기준량(전체·처음 값·남은 값)과 문장의 집단·방향어(증가/감소)가 일치하는지	Out of the 50 employees at a firm, 38 joined a professional group. Of those 38, 15 attended its annual confere
pct.find_percent.chain2	hard	1	4e450e63-9156-510b-acad-c842067852de	pct.find_percent.chain2/frame	기계 검사 대상 아님 — 육안: 퍼센트가 가리키는 기준량(전체·처음 값·남은 값)과 문장의 집단·방향어(증가/감소)가 일치하는지	Of the 40 students in a grade, 24 played a school sport. Among those 24, 12 played a team sport. These are the
pct.find_percent.unit_ratio	hard	0	cbb5d4ef-450a-5d95-a681-33f8ce96f085	pct.find_percent.unit_ratio/frame	220=rug, 200=rug, 2=floor, 4=floor, ask=percent	A rug is 220 centimeters by 200 centimeters. It is placed on a floor that is 2 meters by 4 meters. These are t
pct.find_percent.unit_ratio	hard	1	20bb8153-fb91-58da-a084-929cbf32d44c	pct.find_percent.unit_ratio/frame	110=poster, 300=poster, 3=wall, 2=wall, ask=percent	A poster measures 110 centimeters by 300 centimeters. It is hung on a wall that measures 3 meters by 2 meters.
pct.find_percent.constraint_select	hard	0	599206ec-dbd5-5760-a364-2bb33f903662	pct.find_percent.constraint_select/two_percentages	48=left-handed students, 55=students with glasses	Exactly 48% of the members of a class are left-handed students, while precisely 55% are students with glasses.
pct.find_percent.constraint_select	hard	1	8eda82d3-a719-590c-a1a7-fc3aa802472e	pct.find_percent.constraint_select/two_percentages	35=seniors, 75=juniors	A club has members of whom precisely 35% are seniors and precisely 75% are juniors. The club has a whole numbe
pct.compound_change.inverse	hard	0	f5dadf7c-acb2-513a-a29e-e3438e1d5441	pct.compound_change.inverse/raise_discount_amount	40=increase, 30=decrease, ask=dollars	A outfitter first raised the price by 40% on a pair of skis and then advertised 30% off the raised price. One 
pct.compound_change.inverse	hard	1	0a94e268-e921-50e8-ad1e-fef6f2d64389	pct.compound_change.inverse/raise_discount_amount	40=increase, 20=decrease, ask=dollars	The price of a winter coat at a boutique was first raised by 40%, and the boutique then knocked 20% off the ne
pct.compound_change.chain2	hard	0	a4dfd95e-edaf-5f95-a5b8-7e4d564e0fc6	pct.compound_change.chain2/decay	기계 검사 대상 아님 — 육안: 퍼센트가 가리키는 기준량(전체·처음 값·남은 값)과 문장의 집단·방향어(증가/감소)가 일치하는지	A used car's value shrinks by an identical percent every year. It starts at 216 hundred dollars and is 150 hun
pct.compound_change.chain2	hard	1	96c895ba-86ac-5705-a23d-d849cd3eceaf	pct.compound_change.chain2/growth	기계 검사 대상 아님 — 육안: 퍼센트가 가리키는 기준량(전체·처음 값·남은 값)과 문장의 집단·방향어(증가/감소)가 일치하는지	An investment fund grows by an identical percent every year. It begins at 56 dollars and is 126 dollars two ye
pct.compound_change.compare_scenarios	hard	0	3d28c793-fdab-537c-a6b7-c7f020705dce	pct.compound_change.compare_scenarios/two_discounts_vs_sum	50=decrease, 40=decrease, 90=decrease, ask=dollars	A department shop offers a set of dishes listed at 200 dollars. The item is marked down 50%, and then the mark
pct.compound_change.compare_scenarios	hard	1	51a185be-5b24-5996-a8fd-d2713186a15c	pct.compound_change.compare_scenarios/two_discounts_vs_sum	15=decrease, 50=decrease, 65=decrease, ask=dollars	A music shop sells a guitar listed at 400 dollars. The price is cut by 15%, and the updated price is cut by an
pct.compound_change.repr_shift	hard	0	0daf0bf2-36bc-5375-a718-078f5204df3e	pct.compound_change.repr_shift/2_periods	기계 검사 대상 아님 — 육안: 퍼센트가 가리키는 기준량(전체·처음 값·남은 값)과 문장의 집단·방향어(증가/감소)가 일치하는지	The following model describes fish in a pond after t months: $P(t) = 120(0.8)^t$. All of these facts were conf
pct.compound_change.repr_shift	hard	1	bfefb22f-fcec-5c88-abc8-fb3a5e1e774c	pct.compound_change.repr_shift/3_periods	기계 검사 대상 아님 — 육안: 퍼센트가 가리키는 기준량(전체·처음 값·남은 값)과 문장의 집단·방향어(증가/감소)가 일치하는지	The following model describes subscribers to a newsletter as a function of the time t, in weeks: $S(t) = 250(1
av.rectangle_area.inverse	hard	0	77e18f05-b7d5-5495-a24d-8f3cfe46a7ad	av.rectangle_area.inverse/frame	912=area, 124=perimeter, ask=longer	A rectangular playground covers an area of 912 square centimeters and a perimeter of 124 centimeters. These ar
av.rectangle_area.inverse	hard	1	ebb3addd-15c3-5cf3-aa51-b51f35b47738	av.rectangle_area.inverse/frame	24=area, 20=perimeter, ask=longer	A rectangular patio covers an area of 24 square centimeters and a perimeter of 20 centimeters. No other inform
av.rectangle_area.compose_kind	hard	0	3df0a98a-bd1a-5cba-a592-93765a188fe0	av.rectangle_area.compose_kind/length_up_width_down	80=length, 30=width, 50=increase, 10=decrease, ask=area	A rectangular tennis court has a length of 80 centimeters and a width of 30 centimeters. The length rises by 5
av.rectangle_area.compose_kind	hard	1	602bcdc6-9c27-5771-aab7-5670ec30d8ef	av.rectangle_area.compose_kind/length_up_width_down	80=length, 50=width, 50=increase, 20=decrease, ask=area	A rectangular stage has a length of 80 feet and a width of 50 feet. The length is made longer by 50%, and the 
av.rectangle_area.repr_shift	hard	0	6cb26253-6f65-59a7-af27-8ee9899dcb71	av.rectangle_area.repr_shift/length_more_than_width	21=area, 4=length, ask=perimeter	A rectangular garden has an area of 21 square centimeters. Its length is 4 centimeters greater than its width.
av.rectangle_area.repr_shift	hard	1	ebda57b7-4653-55e0-a28c-ceb53576e98f	av.rectangle_area.repr_shift/length_more_than_width	72=area, 6=length, ask=perimeter	A rectangular bulletin board has an area of 72 square feet. Its length is 6 feet greater than its width. Every
av.rectangle_area.compare_scenarios	hard	0	c7f9d208-5d9c-5ee4-ac23-396f5f8bf283	av.rectangle_area.compare_scenarios/frame	ask=area	A mat is a square with the same perimeter as the poster. A poster is a rectangle measuring 28 yards by 18 yard
av.rectangle_area.compare_scenarios	hard	1	bc1d0b20-ba86-5fcf-a50f-68283bd3cc6d	av.rectangle_area.compare_scenarios/frame	ask=area	A pool is a rectangle measuring 8 inches by 2 inches. A deck is a square with the same perimeter as the pool. 
av.triangle_area.inverse	hard	0	d7f09938-a66d-541d-aa34-8b475e374783	av.triangle_area.inverse/frame	8=area, 4=times, ask=base	A triangular roof panel occupies an area of 8 square feet. Its base is 4 times its height. Please treat each r
av.triangle_area.inverse	hard	1	11b9a129-dfe4-56a2-a4ec-553469bc87b1	av.triangle_area.inverse/frame	50=area, 4=times, ask=base	A triangular roof panel occupies an area of 50 square centimeters. Its base is 4 times its height. These are t
av.triangle_area.compose_kind	hard	0	4631d48c-95d4-5e33-addc-f1894e4cb890	av.triangle_area.compose_kind/frame	5=sides, 6=base, ask=area	A triangular sail is an isosceles triangle. Its two equal sides are each 5 yards long, and its base is 6 yards
av.triangle_area.compose_kind	hard	1	1c1ed4ad-ced3-570e-afe9-62ad1c975ccf	av.triangle_area.compose_kind/frame	26=sides, 20=base, ask=area	The triangular gable of a barn is an isosceles triangle. Its two equal sides are each 26 feet long, and its ba
av.triangle_area.repr_shift	hard	0	5287a830-1356-5faa-a025-e35b61659f45	av.triangle_area.repr_shift/coordinates	기계 검사 대상 아님 — 육안: 수치가 가로·세로·높이·반지름·지름·넓이·부피 중 무엇인지와 질문의 양(넓이/부피/겉넓이)이 일치하는지	A triangle in the coordinate plane has its three corners at $(1, 2)$, $(6, 9)$, and $(0, 5)$. The scale on eac
av.triangle_area.repr_shift	hard	1	5e129b44-fae5-584e-a898-0b006d169bd9	av.triangle_area.repr_shift/coordinates	기계 검사 대상 아님 — 육안: 수치가 가로·세로·높이·반지름·지름·넓이·부피 중 무엇인지와 질문의 양(넓이/부피/겉넓이)이 일치하는지	In the coordinate plane, a triangle has vertices at $(1, 9)$, $(0, 1)$, and $(8, 7)$. The scale on each axis i
av.triangle_area.constraint_select	hard	0	fe53011e-0358-56da-adae-acb7cf4b4d5b	av.triangle_area.constraint_select/frame	24=area, 4=times, ask=pairs	A triangular sail occupies an area of 24 square yards. Its base and its height are both integers of yards, and
av.triangle_area.constraint_select	hard	1	146cd878-7750-5c89-ad2d-403405178f9d	av.triangle_area.constraint_select/frame	30=area, 4=times, ask=pairs	A triangular sign occupies an area of 30 square centimeters. Its base and its height are both integers of cent
av.prism_volume.inverse	hard	0	28b41f1e-f684-531a-afdc-c84eaee097c5	av.prism_volume.inverse/frame	720=volume, ask=surface area	A display case is a rectangular box with a volume of 720 cubic meters. Its length, width, and height are three
av.prism_volume.inverse	hard	1	0805f904-e0a8-5f35-a432-b665ce3dbeef	av.prism_volume.inverse/frame	336=volume, ask=surface area	A compost bin is a rectangular box having a volume of 336 cubic centimeters. Its length, width, and height are
av.prism_volume.unit_ratio	hard	0	c22c3c0a-61f4-5b77-aeb0-13236f7d4ca9	av.prism_volume.unit_ratio/frame	50=length, 70=width, 40=height, ask=minutes	A pet carrier has these dimensions: length 50 centimeters, width 70 centimeters, and height 40 centimeters. Wa
av.prism_volume.unit_ratio	hard	1	7e108fea-33be-5f53-a965-295d34fffcab	av.prism_volume.unit_ratio/frame	20=length, 80=width, 60=height, ask=minutes	A packing box has these dimensions: length 20 centimeters, width 80 centimeters, and height 60 centimeters. Wa
av.prism_volume.compose_kind	hard	0	5f86f2e8-21b2-5749-aa0f-5dd40c912c44	av.prism_volume.compose_kind/frame	ask=surface area	A bar of soap is 32 meters by 8 meters by 2 meters. It is melted down and recast, with no material lost, as a 
av.prism_volume.compose_kind	hard	1	04502369-095f-5bc8-af1c-36046679a7f4	av.prism_volume.compose_kind/frame	ask=surface area	A block of ice has edges of 3 yards, 27 yards, and 9 yards. All of its material is remolded, with none lost, i
av.prism_volume.compare_scenarios	hard	0	95f3edaf-79bb-543a-a6e6-cdcb570e9d29	av.prism_volume.compare_scenarios/pour_into_second	8=depth, 9=depth, 12=base, 25=base, 12=base, 8=base, ask=depth	Tank A sits on a rectangular base that is 12 centimeters by 25 centimeters. The water in it has a depth of 8 c
av.prism_volume.compare_scenarios	hard	1	1ccf9d68-d772-581a-a971-a0d0e9946d72	av.prism_volume.compare_scenarios/pour_into_second	5=depth, 12=depth, 12=base, 30=base, 20=base, 6=base, ask=depth	Tank A has a rectangular base measuring 12 centimeters by 30 centimeters and contains water to a depth of 5 ce
av.prism_missing_dimension.inverse	hard	0	33bef04b-b622-53f0-a2cd-cddef4b3f02e	av.prism_missing_dimension.inverse/frame	60=areas, 45=areas, 108=areas, ask=longest	An aquarium is a rectangular box. The three faces that meet at one corner of the aquarium have areas of 60 squ
av.prism_missing_dimension.inverse	hard	1	8cb47e39-69d8-5a6a-a588-f9f07c3137d5	av.prism_missing_dimension.inverse/frame	10=areas, 26=areas, 65=areas, ask=longest	A laundry bin is a rectangular box. The three faces that meet at one corner of the laundry bin have areas of 6
av.prism_missing_dimension.chain2	hard	0	9e62df74-bdaa-5f95-af12-38bb22d478ee	av.prism_missing_dimension.chain2/frame	660=volume, 11=base, 10=base, 13=base, 3=base, ask=volume	Crate X is a rectangular prism with a volume of 660 cubic yards and a base measuring 11 yards by 10 yards. Cra
av.prism_missing_dimension.chain2	hard	1	34c67b29-f299-50eb-ac0d-c81a54c12797	av.prism_missing_dimension.chain2/frame	350=volume, 10=base, 7=base, 4=base, 12=base, ask=volume	Bin Q is a rectangular prism with an identical height as Bin P and a base measuring 4 inches by 12 inches. Bin
av.prism_missing_dimension.unit_ratio	hard	0	c69f85fc-ca55-5a28-a795-860e5393b2f4	av.prism_missing_dimension.unit_ratio/frame	30=base, 20=base, ask=height	A toolbox with a rectangular base measuring 30 centimeters by 20 centimeters contains precisely 30 liters of w
av.prism_missing_dimension.unit_ratio	hard	1	150d16e9-f184-5083-ae94-e1135685e443	av.prism_missing_dimension.unit_ratio/frame	80=base, 100=base, ask=height	An ice chest with a rectangular base measuring 80 centimeters by 100 centimeters holds precisely 80 liters of 
av.prism_missing_dimension.constraint_select	hard	0	7767b287-392c-5324-a47c-a7dd6f12bc05	av.prism_missing_dimension.constraint_select/frame	90=volume, ask=surface area	A gift box is a rectangular box with a volume of 90 cubic feet. Each of its edge lengths is an integer of feet
av.prism_missing_dimension.constraint_select	hard	1	eb089a15-3e99-5171-ae70-c6ab554dec19	av.prism_missing_dimension.constraint_select/frame	48=volume, ask=surface area	A fish tank is a rectangular box having a volume of 48 cubic yards. Each of its edge lengths is a whole number
av.cylinder_volume_radius.inverse	hard	0	ccb06356-6903-50ca-aca4-7086eab5f49d	av.cylinder_volume_radius.inverse/frame	144=volume, 4=height, ask=circumference	A pasta canister is a right circular cylinder with a volume of $144\pi$ cubic feet and a height of 4 feet. Eve
av.cylinder_volume_radius.inverse	hard	1	1cdd6bd1-bf7f-564f-aa4a-dd661adee4fc	av.cylinder_volume_radius.inverse/frame	500=volume, 5=height, ask=circumference	A water bucket is a right circular cylinder having a volume of $500\pi$ cubic feet and a height of 5 feet. The
av.cylinder_volume_radius.compose_kind	hard	0	fcbfebe1-39ca-5c0f-a132-ccbbedd2130d	av.cylinder_volume_radius.compose_kind/frame	20=radius, 9=height, 10=increase, ask=volume	A paint can is a right circular cylinder whose radius is 20 centimeters and a height of 9 centimeters. A redes
av.cylinder_volume_radius.compose_kind	hard	1	20d54da3-ed4c-5928-a32b-e0f3a17e6c20	av.cylinder_volume_radius.compose_kind/frame	20=radius, 9=height, 25=increase, ask=volume	A coffee canister is a right circular cylinder having a radius of 20 centimeters and a height of 9 centimeters
av.cylinder_volume_radius.unit_ratio	hard	0	fe21809a-3d44-55fd-a1d2-b944930cda92	av.cylinder_volume_radius.unit_ratio/frame	5=radius, 80=height, ask=liters	1 liter holds exactly 1000 cubic centimeters. A cylindrical storage drum has a radius of 5 centimeters and a h
av.cylinder_volume_radius.unit_ratio	hard	1	00515cdd-5a90-5bd9-ab32-40aac464d9be	av.cylinder_volume_radius.unit_ratio/frame	10=radius, 70=height, ask=liters	Keep in mind that 1 liter equals 1000 cubic centimeters. A cylindrical fish tank has a radius of 10 centimeter
av.cylinder_volume_radius.compare_scenarios	hard	0	4218a352-901d-595d-adbd-1978edac1856	av.cylinder_volume_radius.compare_scenarios/frame	12=radius, 8=radius, 4=height, ask=height	The volume that Cup A holds equals the volume that cup B holds. Cup B is a cylinder whose radius is 8 centimet
av.cylinder_volume_radius.compare_scenarios	hard	1	f07583f6-a375-59f5-ab9f-7ef235580756	av.cylinder_volume_radius.compare_scenarios/frame	6=radius, 12=radius, 8=height, ask=height	Cup A is a cylinder whose height is 8 centimeters and whose radius is 6 centimeters. Cup B is a cylinder with 
av.cylinder_volume_diameter.inverse	hard	0	9d2c017a-d74e-5d41-aee3-7ab8fcf422cf	av.cylinder_volume_diameter.inverse/frame	16=volume, ask=radius	A paint bucket is a right circular cylinder having a volume of $16\pi$ cubic inches. Its height is equal to th
av.cylinder_volume_diameter.inverse	hard	1	f424bb85-fa16-542f-a1d4-42f4d3cebbca	av.cylinder_volume_diameter.inverse/frame	250=volume, ask=radius	A bean can is a right circular cylinder with a volume of $250\pi$ cubic feet. Its height equals the diameter o
av.cylinder_volume_diameter.chain2	hard	0	678062a8-53a6-54cf-a3ef-aa45a42b3103	av.cylinder_volume_diameter.chain2/frame	10=circumference, 2=times, ask=volume	A battery pack is a right circular cylinder. Its round base has a circumference of $10\pi$ meters, and its hei
av.cylinder_volume_diameter.chain2	hard	1	40cd836d-3607-5ed7-ae79-f63495fd56d8	av.cylinder_volume_diameter.chain2/frame	2=circumference, 2=times, ask=volume	A trash can is a right circular cylinder. Its circular base has a circumference of $2\pi$ inches, and its heig
av.cylinder_volume_diameter.unit_ratio	hard	0	cd41d7e4-dea3-562b-a09e-d36d91abdc6f	av.cylinder_volume_diameter.unit_ratio/frame	50=diameter, 8=height, ask=liters	A cylindrical cooler jug has a diameter of 50 centimeters and a height of 8 centimeters. Use the fact that 1 l
av.cylinder_volume_diameter.unit_ratio	hard	1	41fb90e6-5f91-5d6c-a4ff-43ad267a82ca	av.cylinder_volume_diameter.unit_ratio/frame	20=diameter, 80=height, ask=liters	A cylindrical rain barrel has a diameter of 20 centimeters and a height of 80 centimeters. Keep in mind that 1
av.cylinder_volume_diameter.compare_scenarios	hard	0	a7fa5718-a15d-5f51-a274-47c4a999d95c	av.cylinder_volume_diameter.compare_scenarios/frame	12=diameter, 3=radius, 7=height, ask=height	Tank A is a cylinder having a diameter of 12 centimeters and a height of 7 centimeters. Tank B is a cylinder h
av.cylinder_volume_diameter.compare_scenarios	hard	1	ddd26662-d80c-54fd-ae1e-8ec7b74fe57c	av.cylinder_volume_diameter.compare_scenarios/frame	4=diameter, 3=radius, 18=height, ask=height	The cylinder Jar A has a diameter of 4 centimeters, and its height is 18 centimeters. Jar B is another cylinde
ci.circumference_radius.inverse	hard	0	2168b23a-df62-56cd-a28c-948b1f94f1e3	ci.circumference_radius.inverse/frame	38=circumference, 4=less, ask=area	A circular trampoline has a circumference of $38\pi$ inches. A second circle has a radius that is 4 inches les
ci.circumference_radius.inverse	hard	1	25508bb5-ba3e-5a72-a631-d23595445e32	ci.circumference_radius.inverse/frame	38=circumference, 6=less, ask=area	A circular fire pit has a circumference of $38\pi$ feet. A second circle has a radius 6 feet shorter than the 
ci.circumference_radius.unit_ratio	hard	0	3c5adee2-b572-530b-a284-db3778084118	ci.circumference_radius.unit_ratio/frame	50=radius, 25=rotations, ask=meters	A stroller wheel has a radius of 50 centimeters. It rolls along a straight path without slipping and makes exa
ci.circumference_radius.unit_ratio	hard	1	128cce7e-f25f-5a33-a5e4-7bf5baf37e1f	ci.circumference_radius.unit_ratio/frame	20=radius, 15=rotations, ask=meters	A skateboard wheel has a radius of 20 centimeters. It rolls along a straight path and never slips and makes ex
ci.circumference_radius.compose_kind	hard	0	e45e7334-3709-5a96-acc7-bca73e6be2c6	ci.circumference_radius.compose_kind/frame	7=radius, ask=area	A square coaster has a circle picked inside it. The circle has a radius of 7 feet and is tangent to all four s
ci.circumference_radius.compose_kind	hard	1	1bec49fc-a6c0-5ab0-a23f-a10c0e59f896	ci.circumference_radius.compose_kind/frame	8=radius, ask=area	A circle whose radius is 8 meters is drawn inside a square wall panel so that it is tangent to all four sides 
ci.circumference_radius.compare_scenarios	hard	0	149f6d0c-356d-55e9-a1a8-6895e2ffd40b	ci.circumference_radius.compare_scenarios/frame	5=radius, 6=diameter, ask=circumference	Rug B is a circle with a diameter of 6 centimeters. Rug A is a circle with a radius of 5 centimeters. Assume t
ci.circumference_radius.compare_scenarios	hard	1	495816f8-032e-5447-a239-dc10cf1a8871	ci.circumference_radius.compare_scenarios/frame	15=radius, 7=diameter, ask=circumference	Track B is a circle having a diameter of 7 inches. Track A is a circle having a radius of 15 inches. Every num
ci.circumference_diameter.inverse	hard	0	fe807b47-d75b-52cc-aea0-82aacd160f5c	ci.circumference_diameter.inverse/frame	60=circumference, 8=width, ask=circumference	A circular fountain has a circumference of $60\pi$ centimeters. A path of uniform width 8 centimeters surround
ci.circumference_diameter.inverse	hard	1	5c1a6a8f-b3c3-5b99-abda-be6392324d42	ci.circumference_diameter.inverse/frame	36=circumference, 5=width, ask=circumference	A circular pond has a circumference of $36\pi$ centimeters. A path of uniform width 5 centimeters surrounds th
ci.circumference_diameter.unit_ratio	hard	0	58ef8bce-3c56-5a11-a021-cffe916aa9f9	ci.circumference_diameter.unit_ratio/frame	40=diameter, 15=rotations, ask=meters	The diameter of a conveyor roller is 40 centimeters. It makes 15 complete turns every minute, and a belt along
ci.circumference_diameter.unit_ratio	hard	1	719b575a-0afa-52d8-a3d1-f484d3219d19	ci.circumference_diameter.unit_ratio/frame	50=diameter, 20=rotations, ask=meters	A delivery cart wheel has a diameter of 50 centimeters. It rotates at a constant rate of 20 complete rotations
ci.circumference_diameter.chain2	hard	0	f2cad020-54fc-5f46-ab31-4e418b0ab68f	ci.circumference_diameter.chain2/frame	40=perimeter, ask=circumference	A square picture frame has a perimeter of 40 centimeters. The largest possible circle is cut from it, and the 
ci.circumference_diameter.chain2	hard	1	1538288a-a429-553f-ac17-e663de8ccf28	ci.circumference_diameter.chain2/frame	88=perimeter, ask=circumference	From a square floor tile whose perimeter is 88 feet, the biggest circle that fits is cut out, tangent to each 
ci.circumference_diameter.compare_scenarios	hard	0	9586bbd3-d09f-56d3-ad2e-ae16a87682a2	ci.circumference_diameter.compare_scenarios/frame	20=diameter, 5=diameter, 6=turns, ask=turns	Two round parts, Wheel A and Wheel B, have diameters of 20 centimeters and 5 centimeters, respectively. The tw
ci.circumference_diameter.compare_scenarios	hard	1	d28ece51-bbe5-509b-a557-793d98318e91	ci.circumference_diameter.compare_scenarios/frame	24=diameter, 4=diameter, 11=turns, ask=turns	Gear A has a diameter of 24 centimeters and Gear B has a diameter of 4 centimeters. The two are connected by a
ci.arc_length.inverse	hard	0	10a57a31-b4fe-53b4-a632-499969d4360d	ci.arc_length.inverse/frame	12=arc, 72=angle, ask=diameter	The arc is cut off by a central angle of 72 degrees. A round pond has an arc AB whose length is $12\pi$ feet. 
ci.arc_length.inverse	hard	1	b34384cd-c9ed-566a-af0a-c1967a7ee729	ci.arc_length.inverse/frame	2=arc, 120=angle, ask=diameter	The arc corresponds to a central angle of 120 degrees. A circular drum head has an arc AB whose length is $2\p
ci.arc_length.chain2	hard	0	88405483-c46d-5389-ad07-783b18241d32	ci.arc_length.chain2/frame	6=radius, 30=angle, ask=major arc	A circular reflecting pool has a radius of 6 inches. The minor arc AB is cut off by a central angle of 30 degr
ci.arc_length.chain2	hard	1	5f7e0486-234d-5724-aea2-127da545d11f	ci.arc_length.chain2/frame	16=radius, 135=angle, ask=major arc	A round plaza has a radius of 16 yards. The minor arc AB corresponds to a central angle of 135 degrees. The pe
ci.arc_length.unit_ratio	hard	0	f0e40638-3b5f-5e7c-aa5c-f872e78b154a	ci.arc_length.unit_ratio/frame	12=hand, 50=minutes, ask=travel	The minute hand of a station clock is 12 centimeters long. The hand sweeps around and makes one 360-degree tur
ci.arc_length.unit_ratio	hard	1	42f07233-007c-5fd0-a8bd-46300edea49c	ci.arc_length.unit_ratio/frame	12=hand, 45=minutes, ask=travel	The long hand of a wall clock is 12 centimeters long. It sweeps out a full 360-degree turn once every 60 minut
ci.arc_length.repr_shift	hard	0	3209ba19-ea3e-5059-a992-abb3284203fd	ci.arc_length.repr_shift/frame	16=diameter, 8=slices, 5=slices, ask=length	A round pie has a diameter of 16 inches. It is split into 8 equal slices, each with its center at the middle o
ci.arc_length.repr_shift	hard	1	473f713f-4ce0-5f48-a917-9b286fa70417	ci.arc_length.repr_shift/frame	20=diameter, 6=slices, 3=slices, ask=length	A round quiche has a diameter of 20 centimeters. It is sliced into 6 equal slices, each with its center at the
ci.sector_area.inverse	hard	0	1041b564-9340-5440-ad72-7f23e2aea5d6	ci.sector_area.inverse/frame	45=area, 72=angle, ask=arc	A pie wedge is part of a circle shaped like a sector. The sector covers an area of $45\pi$ square feet and a c
ci.sector_area.inverse	hard	1	06690025-94de-5fbf-a577-8ced447b0aa3	ci.sector_area.inverse/frame	12=area, 30=angle, ask=arc	A sector-shaped flower bed is a sector cut from a circle. The sector has an area of $12\pi$ square inches and 
ci.sector_area.chain2	hard	0	c3bb8898-7130-5e87-a423-a24d29945307	ci.sector_area.chain2/frame	20=radius, 37=arc, ask=area	The curved arc of the sector has a length of $37\pi$ yards. A pie wedge is a sector of a circle having a radiu
ci.sector_area.chain2	hard	1	51edec3e-6ed7-54f4-a00a-f6c6e7e8da01	ci.sector_area.chain2/frame	11=radius, 12=arc, ask=area	The curved arc of the sector has a length of $12\pi$ yards. A sector-shaped flower bed is a sector cut from a 
ci.sector_area.compose_kind	hard	0	dd8bb9a9-b4e7-5cb6-a152-8f1425016499	ci.sector_area.compose_kind/frame	21=radius, ask=area	A round survey chart is sliced into three sectors whose central angles are in the ratio 4 : 6 : 8. The circle 
ci.sector_area.compose_kind	hard	1	555a28d4-8061-518b-a9a5-92f5a349bc94	ci.sector_area.compose_kind/frame	24=radius, ask=area	A circular budget chart is sliced into three sectors whose central angles are in the ratio 4 : 5 : 9. The circ
ci.sector_area.compare_scenarios	hard	0	add6ab7e-85ba-5b0e-ab0f-eaac658c3ef5	ci.sector_area.compare_scenarios/angle_vs_radius	15=radius, 9=radius, 80=angle, 40=angle, ask=area	Wedge A has a radius of 15 meters and a central angle of 80 degrees. Wedge B has a radius of 9 meters and a ce
ci.sector_area.compare_scenarios	hard	1	0b805a31-da25-5f88-af06-6ac3e779bfbf	ci.sector_area.compare_scenarios/angle_vs_radius	4=radius, 18=radius, 45=angle, 30=angle, ask=area	Wedge A has radius 4 inches and central angle 45 degrees. Wedge B has radius 18 inches and central angle 30 de
ci.central_from_inscribed.inverse	hard	0	2ecf19ad-77b5-5ffa-ae2d-7303f724382d	ci.central_from_inscribed.inverse/frame	69=less, 5=times, ask=angle	In a circle with center O, inscribed angle RCS and central angle ROS both subtend arc RS. Angle ROS measures 6
ci.central_from_inscribed.inverse	hard	1	661a8de8-dfd2-51c6-af53-04cc017b9459	ci.central_from_inscribed.inverse/frame	54=less, 5=times, ask=angle	In a circle with center O, inscribed angle PCQ and central angle POQ both intercept arc PQ. The size of angle 
ci.central_from_inscribed.chain2	hard	0	11656749-7863-53a1-a23a-546135751a86	ci.central_from_inscribed.chain2/major_arc	53=measures, ask=arc	In a circle with center O, inscribed angle EZF measures 53 degrees and intercepts minor arc EF. Every number g
ci.central_from_inscribed.chain2	hard	1	522e5bb7-1bfb-50a7-a800-86e94ef08533	ci.central_from_inscribed.chain2/major_arc	32=measures, ask=arc	In a circle centered at O, inscribed angle MZN measures 32 degrees and intercepts minor arc MN. Everyone prese
ci.central_from_inscribed.compose_kind	hard	0	2a429c1a-a28f-5c3f-a937-a2fe72de8b81	ci.central_from_inscribed.compose_kind/base_angle	44=measures, ask=angle	Points K, L, and T lie on a circle centered at O. Inscribed angle KTL is 44 degrees. Segments OK and OL are ra
ci.central_from_inscribed.compose_kind	hard	1	d0d71439-0ee8-5b4c-a54c-eba1189a3809	ci.central_from_inscribed.compose_kind/base_angle	24=measures, ask=angle	Points K, L, and C lie on a circle with center O. Inscribed angle KCL measures 24 degrees. Segments OK and OL 
ci.central_from_inscribed.constraint_select	hard	0	476c997d-2936-5098-a472-58aa5b599809	ci.central_from_inscribed.constraint_select/frame	18=multiple, 114=greater, 223=less, ask=how many	Angle ACB is an inscribed angle of a circle with center O, and angle AOB is the central angle on the same arc.
ci.central_from_inscribed.constraint_select	hard	1	45bb98e7-e256-5169-a5ee-2226a8d3edbf	ci.central_from_inscribed.constraint_select/frame	18=multiple, 108=greater, 224=less, ask=how many	A circle has center O. Inscribed angle PDQ and central angle POQ cut off an identical arc. The central angle i
ci.inscribed_from_central.inverse	hard	0	1a98675d-c3e0-5e01-a64e-19aaa229bcf1	ci.inscribed_from_central.inverse/opposite_angle	43=more, ask=angle	In a circle with center O, point X lies on the major arc MN and point Z lies on the minor arc MN. Central angl
ci.inscribed_from_central.inverse	hard	1	ca3fc8b3-3744-59ab-a679-6132ea01768e	ci.inscribed_from_central.inverse/opposite_angle	31=more, ask=angle	In a circle whose center is O, point X lies on the major arc PQ and point Z lies on the minor arc PQ. Central 
ci.inscribed_from_central.chain2	hard	0	e2d27a14-569e-56a5-ad0d-52cfc2478613	ci.inscribed_from_central.chain2/point_on_minor_arc	100=measures, ask=angle	In a circle whose center is O, central angle MON measures 100 degrees. Point T lies on the minor arc MN. The r
ci.inscribed_from_central.chain2	hard	1	364e6715-8791-51f3-a530-221732fb11f0	ci.inscribed_from_central.chain2/point_on_minor_arc	70=measures, ask=angle	In a circle centered at O, central angle POQ is 70 degrees. Point D lies on the minor arc PQ. Everything descr
ci.inscribed_from_central.constraint_select	hard	0	82dc8f2b-0c7b-564f-aebb-a3d87eb2e354	ci.inscribed_from_central.constraint_select/frame	63=greater, 212=less, 10=multiple, ask=how many	In a circle centered at O, central angle ROS is greater than 63 degrees but less than 212 degrees. The inscrib
ci.inscribed_from_central.constraint_select	hard	1	e9c32b21-3ebe-5825-ae96-a01b141b7a1b	ci.inscribed_from_central.constraint_select/frame	126=greater, 243=less, 10=multiple, ask=how many	Central angle POQ of a circle centered at O is more than 126 degrees but fewer than 243 degrees. Inscribed ang
ci.inscribed_from_central.repr_shift	hard	0	03d95622-8f62-5af0-a0cf-adceebc1f202	ci.inscribed_from_central.repr_shift/frame	ask=angle	In a circle with center O, inscribed angle MCN and central angle MON intercept the same arc. Angle MCN measure
ci.inscribed_from_central.repr_shift	hard	1	96eccb35-6ad8-5c69-a50d-53f251aba7c7	ci.inscribed_from_central.repr_shift/frame	ask=angle	In a circle whose center is O, inscribed angle MCN and central angle MON intercept the same arc. Angle MCN mea
ci.circle_equation_transform.param_condition	hard	0	25823aae-6448-59fe-a8c0-345085455b27	ci.circle_equation_transform.param_condition/tangent_y	ask=value of k	The graph of the equation $x^2 + y^2 + 6x - 12y + k = 0$ represents a circle, where k is a constant, and the c
ci.circle_equation_transform.param_condition	hard	1	01e3e45c-3878-540c-a3c8-d84a0ae360ea	ci.circle_equation_transform.param_condition/radius	ask=value of k	The equation $x^2 + y^2 - 12x + 6y + k = 0$ is a circle for a certain constant k, and the radius of the circle
ci.circle_equation_transform.inverse	hard	0	2b23294e-3d7a-5e40-a148-84a961b43fb6	ci.circle_equation_transform.inverse/constant_from_point	ask=F	The center of a circle drawn on the xy-plane is $(2, -3)$, and the point $(-1, -1)$ lies on the circle. The ci
ci.circle_equation_transform.inverse	hard	1	27597309-252c-5769-abce-9532250d4fbf	ci.circle_equation_transform.inverse/constant_from_point	ask=F	In a Cartesian coordinate system, a circle has center $(3, 1)$ and passes through the point $(-3, 1)$. This ci
ci.circle_equation_transform.compose_kind	hard	0	38e49d61-970d-5163-a062-d435ceb27327	ci.circle_equation_transform.compose_kind/horizontal_line	ask=distance	The curve given by the equation $(x + 5)^2 + (y - 4)^2 = 225$ meets the horizontal line $y = -5$ at two differ
ci.circle_equation_transform.compose_kind	hard	1	2f5bafef-ab2a-551f-a387-2f12e4551252	ci.circle_equation_transform.compose_kind/horizontal_line	ask=distance	The curve given by the equation $(x - 1)^2 + (y + 3)^2 = 625$ meets the horizontal line $y = -18$ at two diffe
ci.circle_equation_transform.constraint_select	hard	0	4028aade-8fd6-5395-a4b9-f44c62c11f3f	ci.circle_equation_transform.constraint_select/frame	ask=integer	The graph of the equation $(x - 4)^2 + (y + 5)^2 = 125$, with x and y ranging over the real numbers. These fac
ci.circle_equation_transform.constraint_select	hard	1	8b553146-e5bc-50ce-aafd-2f8d24e6998f	ci.circle_equation_transform.constraint_select/frame	ask=integer	A circle drawn on the xy-plane is given by $(x + 5)^2 + (y - 1)^2 = 68$, with x and y ranging over the real nu
pct.percent_of.count	easy	0	35b955c5-fd28-524a-a95d-e692486e6b43	pct.percent_of.count/easy.group	기계 검사 대상 아님 — 육안: 퍼센트가 가리키는 기준량(전체·처음 값·남은 값)과 문장의 집단·방향어(증가/감소)가 일치하는지	A sample of 200 visitors to a fair reported that 10% of them arrived before noon. The final figure will be pos
pct.percent_of.count	medium	0	74afa7d5-98c8-5f78-a761-52c090cee028	pct.percent_of.count/medium.complement	기계 검사 대상 아님 — 육안: 퍼센트가 가리키는 기준량(전체·처음 값·남은 값)과 문장의 집단·방향어(증가/감소)가 일치하는지	A poll of 420 players in a league showed that 40% of them scored no fewer than one goal. All of these facts we
pct.percent_of.price	easy	0	2583279a-829c-5142-ab8f-f07db411b428	pct.percent_of.price/easy.discount_amount	10=decrease, ask=discount	A winter hat at a neighborhood boutique is regularly priced at 200 dollars. The store is offering 10% off the 
pct.percent_of.price	medium	0	e145b1fd-6341-5f73-ae1e-0402e6044021	pct.percent_of.price/medium.sale_price	45=decrease, ask=price	A set of paints at a school supply store is regularly priced at 60 dollars. This week, the store is taking 45%
pct.find_whole.members	easy	0	e0b67aa6-d983-5983-a1bd-63441111b217	pct.find_whole.members/easy.part_is_p	기계 검사 대상 아님 — 육안: 퍼센트가 가리키는 기준량(전체·처음 값·남은 값)과 문장의 집단·방향어(증가/감소)가 일치하는지	Precisely 20% of the employees at a firm take the train to work. This is 60 of them. No other information abou
pct.find_whole.members	medium	0	332b2207-921e-54ad-a389-55752f87ec4c	pct.find_whole.members/medium.part_is_rest	기계 검사 대상 아님 — 육안: 퍼센트가 가리키는 기준량(전체·처음 값·남은 값)과 문장의 집단·방향어(증가/감소)가 일치하는지	Exactly 20% of the readers of a magazine subscribe to the digital edition. The other 256 of them do not subscr
pct.find_whole.number	easy	0	05aaf94e-ebec-5800-a226-be57709f7266	pct.find_whole.number/easy.part_of_total	기계 검사 대상 아님 — 육안: 퍼센트가 가리키는 기준량(전체·처음 값·남은 값)과 문장의 집단·방향어(증가/감소)가 일치하는지	44 tickets were sold for a play, which is 20% of the tickets available. No other information about the situati
pct.find_whole.number	medium	0	ca0eb56b-8544-549f-a10f-73ce8bce7d9a	pct.find_whole.number/medium.after_increase	기계 검사 대상 아님 — 육안: 퍼센트가 가리키는 기준량(전체·처음 값·남은 값)과 문장의 집단·방향어(증가/감소)가 일치하는지	A library's collection went up by 50% this year and has become 300 books. The details were written down carefu
pct.percent_change.table	easy	0	15448df6-3197-5748-a607-335d60ee39cf	pct.percent_change.table/easy.increase	기계 검사 대상 아님 — 육안: 퍼센트가 가리키는 기준량(전체·처음 값·남은 값)과 문장의 집단·방향어(증가/감소)가 일치하는지	A store's weekly sales rose from 220 to 275 items. These details were collected on a typical day with no surpr
pct.percent_change.table	medium	0	6f060e34-846b-58de-a860-e0f34a960a1b	pct.percent_change.table/medium.decrease	기계 검사 대상 아님 — 육안: 퍼센트가 가리키는 기준량(전체·처음 값·남은 값)과 문장의 집단·방향어(증가/감소)가 일치하는지	The number of students in a club went down from 40 to 24 students. The report was shared with the whole group 
pct.percent_change.forward	easy	0	20219e73-b669-5dac-a9e9-3f9f97a727c3	pct.percent_change.forward/easy.new_price	5=increase, ask=price	A hardware shop raised the price of a water bottle by 5%. The old price was 280 dollars. Assume that every sta
pct.percent_change.forward	medium	0	fbe43bca-5cca-54f7-ad80-3c5ea20e0be5	pct.percent_change.forward/medium.after_coupon	45=increase, ask=pay	Before a change, a pair of sneakers cost 160 dollars at a school supply shop; the price was then raised by 45%
pct.find_percent.share	easy	0	38b54b09-e7cd-595f-abb7-61309fa73492	pct.find_percent.share/easy.share	기계 검사 대상 아님 — 육안: 퍼센트가 가리키는 기준량(전체·처음 값·남은 값)과 문장의 집단·방향어(증가/감소)가 일치하는지	Among 60 campers at a lake, 30 joined the swim lesson. Every number given here is exact and comes from the off
pct.find_percent.share	medium	0	f76e8736-e760-5606-abd9-a9e57bc73364	pct.find_percent.share/medium.complement_share	기계 검사 대상 아님 — 육안: 퍼센트가 가리키는 기준량(전체·처음 값·남은 값)과 문장의 집단·방향어(증가/감소)가 일치하는지	Of 200 employees at a firm, 120 take the train to work. Everything described here happened within a single ord
pct.find_percent.score	easy	0	871b58e9-f739-5838-a99a-efc605bb3815	pct.find_percent.score/easy.right_given	기계 검사 대상 아님 — 육안: 퍼센트가 가리키는 기준량(전체·처음 값·남은 값)과 문장의 집단·방향어(증가/감소)가 일치하는지	Noah spelled 28 of 40 spelling words accurately. The facts above were reported by a reliable witness.
pct.find_percent.score	medium	0	127f42d1-90a5-5c54-a680-57b43d71d178	pct.find_percent.score/medium.wrong_given	기계 검사 대상 아님 — 육안: 퍼센트가 가리키는 기준량(전체·처음 값·남은 값)과 문장의 집단·방향어(증가/감소)가 일치하는지	On a batch of 60 quiz questions, Mia answered 21 wrongly and the rest correctly. The situation was explained i
pct.compound_change.twostep	easy	0	76f017b0-122d-50f3-adff-a94bfd59caf8	pct.compound_change.twostep/easy.final_value	25=increase, 25=decrease	At first, a stock's price stood at 240 dollars. Then it went up by 25%, and after that it went down by 25%. Th
pct.compound_change.twostep	medium	0	b23dd882-02c5-5734-a5e3-86ffb41494e5	pct.compound_change.twostep/medium.overall_percent	10=increase, 50=decrease	A video's views began at 160 views. It rose by 10% and then went down by 50%. No other information about the s
pct.compound_change.discounts	easy	0	5f0152c5-c3fc-5a68-adc0-22665587d7f8	pct.compound_change.discounts/easy.final_price	30=decrease, 50=decrease	A pair of sneakers at an online shop has a list price of 160 dollars. It is marked down 30%, and then the redu
pct.compound_change.discounts	medium	0	27176a49-743b-5c6e-aadc-102ebd37ebde	pct.compound_change.discounts/medium.total_discount	30=decrease, 20=decrease	A discount is drawn 30%, and then the reduced price is cut another 20%. A backpack at a neighborhood boutique 
av.rectangle_area.floor	easy	0	18907ec1-0d37-5503-aab1-adbcebb78a49	av.rectangle_area.floor/easy.area	6=length, 13=width, ask=area	A rectangular library hall has a length of 6 yards and a width of 13 yards. The notes were kept in a folder th
av.rectangle_area.floor	medium	0	db073b78-95d0-5952-a418-42635ce90128	av.rectangle_area.floor/medium.cost	10=length, 8=width, ask=cost	A rectangular workshop has a length of 10 meters and a width of 8 meters. New flooring costs 2 dollars for eve
av.rectangle_area.wall	easy	0	125b75e6-fb3c-5b1f-a3f2-fce1886a1fe1	av.rectangle_area.wall/easy.area	기계 검사 대상 아님 — 육안: 수치가 가로·세로·높이·반지름·지름·넓이·부피 중 무엇인지와 질문의 양(넓이/부피/겉넓이)이 일치하는지	A rectangular bulletin board is 10 yards by 7 yards. None of the details were altered after they were first re
av.rectangle_area.wall	medium	0	b79f0bc0-3b3f-56e2-aefa-e041bc9badc2	av.rectangle_area.wall/medium.with_opening	기계 검사 대상 아님 — 육안: 수치가 가로·세로·높이·반지름·지름·넓이·부피 중 무엇인지와 질문의 양(넓이/부피/겉넓이)이 일치하는지	A rectangular mural panel measures 30 feet by 33 feet. A rectangular opening measuring 8 feet by 5 feet is cut
av.triangle_area.sail	easy	0	d8bfd1a7-9554-5de3-a0b2-d441091574bc	av.triangle_area.sail/easy.area	6=base, 7=height, ask=area	A triangular sail has a base of 6 meters and a height of 7 meters. These are the figures that the team agreed 
av.triangle_area.sail	medium	0	51b29df9-a726-58fd-af65-fde4a18c20a0	av.triangle_area.sail/medium.total_of_n	52=base, 11=height, ask=area	A triangular garden bed has a base of 52 inches and a height of 11 inches. A crew makes 2 matching ones. These
av.triangle_area.garden	easy	0	9dd89d7f-1cc3-5e6c-a130-83bd356bb779	av.triangle_area.garden/easy.area	26=base, 29=height, ask=area	A triangular ramp side has a base of 26 feet and a height of 29 feet. A volunteer typed these facts into a sha
av.triangle_area.garden	medium	0	3a4fb11d-5910-5df0-a171-fb8890fca422	av.triangle_area.garden/medium.find_height	96=area, 16=base, ask=height	A triangular ramp side has an area of 96 square yards and a base of 16 yards. Nobody involved has rounded any 
av.prism_volume.box	easy	0	e839f61d-ad9b-5195-a49d-fece7102f3f5	av.prism_volume.box/easy.volume	2=length, 2=width, 9=height, ask=volume	A storage bin is described by length 2 inches, width 2 inches, and height 9 inches. Please treat each reported
av.prism_volume.box	medium	0	119c6fde-7243-55bd-a32a-a708d2ddfe94	av.prism_volume.box/medium.total_of_n	12=length, 4=width, 4=height, ask=volume	A toolbox has a length of 12 yards, a width of 4 yards, and a height of 4 yards. A warehouse stores 6 matching
av.prism_volume.tank	easy	0	9a347457-4b22-5bbd-aef1-985406bbbac3	av.prism_volume.tank/easy.volume	8=length, 10=width, 4=depth, ask=volume	A rectangular pool has these dimensions: length 8 inches, width 10 inches, and depth 4 inches. The people who 
av.prism_volume.tank	medium	0	454f4cb3-b238-5f36-a07f-938253ff8923	av.prism_volume.tank/medium.filled_fraction	4=length, 12=width, 24=depth, ask=volume	A rectangular cistern has a length of 4 feet, a width of 12 feet, and a depth of 24 feet. The cistern is curre
av.prism_missing_dimension.box	easy	0	714eb5bc-2e4c-505e-ab30-82941b9c84cc	av.prism_missing_dimension.box/easy.find_height	144=volume, 12=length, 6=width, ask=height	A rectangular suitcase has a volume of 144 cubic meters, with length 12 meters and width 6 meters. A volunteer
av.prism_missing_dimension.box	medium	0	16db5f57-f3be-55d4-a70f-f7a49db639d2	av.prism_missing_dimension.box/medium.square_cross_section	32=volume, 2=length, ask=width	A toy chest has a volume of 32 cubic feet and a length of 2 feet. Its width and its height are equal. Everyone
av.prism_missing_dimension.tank	easy	0	56bc0165-5d8a-55e6-a8f1-95b26a80eb7c	av.prism_missing_dimension.tank/easy.base_area_given	420=holds, 42=area, ask=deep	A garden pond shaped like a box holds 420 cubic centimeters when full. Its base occupies an area of 42 square 
av.prism_missing_dimension.tank	medium	0	67ab1fa7-f771-5b97-a595-fc86603504c9	av.prism_missing_dimension.tank/medium.base_sides_given	693=holds, 7=base, 9=base, ask=deep	A rectangular storage bin contains 693 cubic centimeters when full. Its base is a rectangle that is 7 centimet
av.cylinder_volume_radius.can	easy	0	6b4fde7f-1bdd-5214-a313-e2d879cf645d	av.cylinder_volume_radius.can/easy.volume	7=radius, 12=height, ask=volume	The cylinder, an oil drum, has a radius of 7 inches and stands 12 inches in height. The people who gathered th
av.cylinder_volume_radius.can	medium	0	1b6da3f1-489e-5d7d-a627-0538229b600c	av.cylinder_volume_radius.can/medium.total_of_n	8=radius, 4=height, ask=volume	A grain silo model is a right circular cylinder whose radius is 8 inches and whose height is 4 inches. A shop 
av.cylinder_volume_radius.pipe	easy	0	eaa23c45-b1bf-5116-a420-d3cff2e74899	av.cylinder_volume_radius.pipe/easy.radius_given	11=radius, 3=length, ask=volume	A cylindrical pillar has a round cross-section of radius 11 feet, and its length is 3 feet. A volunteer typed 
av.cylinder_volume_radius.pipe	medium	0	f6ec7ff0-f5a9-5bc7-ae11-76047b7f04a9	av.cylinder_volume_radius.pipe/medium.base_area_given	16=area, 12=length, ask=volume	A cylindrical tube has a round base with an area of $16\pi$ square inches. Its length is 12 inches. The final 
av.cylinder_volume_diameter.can	easy	0	c219d5e0-42f8-585f-a18a-d84a9d991a08	av.cylinder_volume_diameter.can/easy.volume	18=diameter, 9=height, ask=volume	A thermos has these measurements: diameter 18 meters, height 9 meters. These are the figures that the team agr
av.cylinder_volume_diameter.can	medium	0	672a4aae-a7f0-5247-a2f2-1b083dd5abfa	av.cylinder_volume_diameter.can/medium.filled_fraction	16=diameter, 9=height, ask=volume	A tennis ball tube is a right circular cylinder with a diameter of 16 feet and a height of 9 feet. It is right
av.cylinder_volume_diameter.column	easy	0	468da58a-cb96-58b8-a872-cce979049717	av.cylinder_volume_diameter.column/easy.height_given	8=diameter, 11=height, ask=volume	For a solid cylindrical rod, the diameter is 8 feet and the height is 11 feet. Every number given here is exac
av.cylinder_volume_diameter.column	medium	0	467f040a-8109-53fb-aef3-6b6dafe9e3f8	av.cylinder_volume_diameter.column/medium.height_twice_diameter	4=diameter, ask=volume	The diameter of a cylindrical column is 4 centimeters, and it is twice as tall as it is wide. Everyone agreed 
ci.circumference_radius.wheel	easy	0	868e4ec2-7ddc-578d-ab72-a9cc75f8c037	ci.circumference_radius.wheel/easy.circumference	7=radius, ask=circumference	A stroller wheel is a circle of radius 7 centimeters. These are the figures that the team agreed to work with.
ci.circumference_radius.wheel	medium	0	53afc492-3913-5d8b-ac07-c489d5c410d6	ci.circumference_radius.wheel/medium.distance	12=radius, 8=turns, ask=far	The radius of an office chair wheel is 12 feet. It rolls along the ground through precisely 8 complete turns. 
ci.circumference_radius.fence	easy	0	fee56137-328f-56b8-a312-99ab67d5e3b4	ci.circumference_radius.fence/easy.length	5=radius, ask=fencing	The radius of a circular clock face is 5 feet, and a fence is to run all the way along its edge. The people wh
ci.circumference_radius.fence	medium	0	265eefc0-9a10-50cb-a94a-ef5941a72968	ci.circumference_radius.fence/medium.cost	20=radius, ask=cost	A circular trampoline whose radius is 20 centimeters is going to be fenced in around its entire edge. The fenc
ci.circumference_diameter.pizza	easy	0	88fbcd76-2558-51f2-ae60-aefba9048c3f	ci.circumference_diameter.pizza/easy.circumference	12=diameter, ask=circumference	A big round plate measures 12 inches across, through its center. The person asking the question has checked th
ci.circumference_diameter.pizza	medium	0	9381c3ff-beb5-5550-ae6f-6b4fe952669a	ci.circumference_diameter.pizza/medium.difference	11=diameter, 33=diameter, ask=circumference	Two round items are an identical kind: the smaller has a diameter of 11 centimeters and the larger has a diame
ci.circumference_diameter.rope	easy	0	fe5f919f-1894-53a6-a3f9-eb9227ee6d54	ci.circumference_diameter.rope/easy.one_wrap	4=diameter, ask=length	A ribbon is wound around a cylindrical post that has a diameter of 4 feet. The wrapping goes around the outsid
ci.circumference_diameter.rope	medium	0	f1c70115-f9a0-5217-a1e6-8d25eab25fc5	ci.circumference_diameter.rope/medium.k_wraps	24=diameter, 6=times, ask=length	A string of lights is wrapped around a cylindrical column that has a diameter of 24 inches. It winds around th
ci.arc_length.sector	easy	0	5a1c3e20-f4fa-565f-ae24-826b130e20a5	ci.arc_length.sector/easy.friendly_angle	18=radius, 90=angle, ask=arc	A round trampoline has a radius of 18 inches. An arc AB of the trampoline's edge belongs to a central angle of
ci.arc_length.sector	medium	0	91bba8b5-a74f-5f31-aa9c-ce2c2c890c7f	ci.arc_length.sector/medium.general_angle	20=radius, 45=angle, ask=arc	A circular trampoline has a radius of 20 centimeters. An arc AB of the trampoline's edge corresponds to a cent
ci.arc_length.clock	easy	0	1d5b514c-a75d-50ee-a25a-79f42d527ced	ci.arc_length.clock/easy.quarter_turns	12=hand, 45=minutes, ask=far	The hand is 12 centimeters long, and it needs 60 minutes for one complete revolution. These details were colle
ci.arc_length.clock	medium	0	53da2f0f-37da-5e7c-a6bb-3aca761d3d27	ci.arc_length.clock/medium.other_minutes	24=hand, 20=minutes, ask=far	The hand is 24 centimeters long, and it needs 60 minutes for one full turn. The person asking the question has
ci.sector_area.slice	easy	0	9c3ae45e-6a73-50b4-a321-d2fdc5a037f0	ci.sector_area.slice/easy.angle_given	20=radius, 90=angle, ask=area	A round quiche has a radius of 20 inches. A slice of it forms a sector with a central angle of 90 degrees. A s
ci.sector_area.slice	medium	0	aa71e0bc-c1e2-5e1c-ac79-ea7e349fdb05	ci.sector_area.slice/medium.equal_slices	14=radius, 4=slices, 3=slices, ask=area	Jordan is served 3 slices of a round pie that has a radius of 14 centimeters and was split into 4 equal slices
ci.sector_area.pie	easy	0	c567ca00-e3b8-5500-a252-421f6fc373f8	ci.sector_area.pie/easy.simple_fraction	20=radius, ask=area	A circular budget chart has a radius of 20 meters. One shaded sector covers one half (1/2) of the whole circle
ci.sector_area.pie	medium	0	7d94f425-84cf-5781-ac0e-c63f163df161	ci.sector_area.pie/medium.general_fraction	21=radius, ask=area	A round clock face has a radius of 21 meters. One shaded sector covers one third (1/3) of the full circle. Ple
ci.central_from_inscribed.direct	easy	0	53775682-bc82-58a5-a0ec-1c7b7f5f5bf8	ci.central_from_inscribed.direct/easy.double	24=measures, ask=angle	In a circle with center O, inscribed angle MDN measures 24 degrees and intercepts arc MN. The situation was ex
ci.central_from_inscribed.direct	medium	0	c65d6165-23d6-5f26-afae-bb9087b7bee8	ci.central_from_inscribed.direct/medium.difference_given	43=more, ask=angle	Angles PCQ (inscribed) and POQ (central) share the same arc of a circle centered at O; angle POQ is 43 degrees
ci.central_from_inscribed.arc	easy	0	928b26b2-ac3c-5f8c-a803-76d7f13f818e	ci.central_from_inscribed.arc/easy.arc_measure	36=measures, ask=arc	Points E, F, and D lie on a circle. Inscribed angle EDF is 36 degrees. The data were reviewed by a supervisor 
ci.central_from_inscribed.arc	medium	0	aed171a1-f000-57cf-a997-c5285485735e	ci.central_from_inscribed.arc/medium.expression	4=x, 7=where, ask=angle	In a circle whose center is O, inscribed angle PTQ is $x + 4$ degrees, where x = 7. Everyone present at the ti
ci.inscribed_from_central.direct	easy	0	6943e2cf-5cab-5273-a824-a51d2c866626	ci.inscribed_from_central.direct/easy.major_side	90=measures, ask=angle	In a circle whose center is O, central angle ROS is 90 degrees. Point C lies on the major arc RS. The final fi
ci.inscribed_from_central.direct	medium	0	5d1aa2de-a51a-500d-a207-82f30fe7568e	ci.inscribed_from_central.direct/medium.minor_side	60=measures, ask=angle	In a circle with center O, central angle AOB is 60 degrees. Point C lies on the minor arc AB. Everyone present
ci.inscribed_from_central.fraction	easy	0	7fe4e5d4-d848-5ecc-a143-c7f9032196a3	ci.inscribed_from_central.fraction/easy.simple_fraction	ask=angle	Points M, N, and T lie on a circle. The minor arc MN is one sixth (1/6) of the entire circle, and point T is o
ci.inscribed_from_central.fraction	medium	0	8892d9da-c113-51d8-ac8b-d590e2fc7413	ci.inscribed_from_central.fraction/medium.general_fraction	ask=angle	Points R, S, and C lie on a circle. The minor arc RS is two fifths (2/5) of the full circle, and point C is on
ci.circle_equation_transform.read	easy	0	944f05bd-718a-5b79-ae0f-6041ea8c2e95	ci.circle_equation_transform.read/easy.radius	ask=radius	Look at the circle in the xy-plane described by $(x - 5)^2 + (y + 8)^2 = 49$. A copy of the facts was kept on 
ci.circle_equation_transform.read	medium	0	7140fbf0-5138-5e1e-a675-7ab545260264	ci.circle_equation_transform.read/medium.circumference	ask=circumference	A circle in the xy-plane has the equation $(x + 1)^2 + (y - 7)^2 = 9$. The facts above were reported by a reli
ci.circle_equation_transform.center	easy	0	59d94e8a-7c21-58fd-a4e1-5f3d812ea6a0	ci.circle_equation_transform.center/easy.standard_form	ask=sum	A circle in the xy-plane has the equation $(x - 7)^2 + (y + 9)^2 = 142$. These details were collected on a typ
ci.circle_equation_transform.center	medium	0	9d4b746d-6855-5634-aefd-849e8f399441	ci.circle_equation_transform.center/medium.general_form	ask=sum	The equation $x^2 + y^2 - 2x + 16y - 4 = 0$ defines a circle in the xy-plane. Everyone agreed that the numbers
rr.proportion.recipe	easy	0	ae41c242-00df-579b-a2ac-abf5044b7b56	rr.proportion.recipe/easy.one_part_known	7=ratio, 6=ratio, ask=raisins	A mixture uses oats and raisins in the ratio 7 to 6. A batch contains 63 cups of oats. The facts were collecte
rr.proportion.recipe	medium	0	100fe470-1d8b-5c88-a157-aa943d8ecdc4	rr.proportion.recipe/medium.total_known	5=ratio, 6=ratio, ask=sand	A batch holds 132 buckets altogether. A mixture uses sand and cement in the ratio 5 to 6. The notes were kept 
rr.proportion.map	easy	0	d8f4e93d-5738-5aa3-ac37-615362d0312a	rr.proportion.map/easy.scale_given	ask=kilometers	The scale of a trail map says that 6 centimeters on paper correspond to 150 kilometers in reality. A copy of t
rr.proportion.map	medium	0	83344576-258a-5766-a605-74deae295822	rr.proportion.map/medium.scale_from_pair	ask=kilometers	A trail map shows two towns 8 centimeters apart. Their real distance is 400 kilometers. Two other towns are 12
rr.chained_conversion.time	easy	0	90824926-9ac2-5883-a6a2-1cd150a5893b	rr.chained_conversion.time/easy.small_units	ask=seconds	In total, a film festival takes 5 hours; 1 hour equals 60 minutes, and 1 minute equals 60 seconds. Please trea
rr.chained_conversion.time	medium	0	35dc4ea7-1185-5498-ac95-e47cda99b020	rr.chained_conversion.time/medium.large_units	ask=minutes	Overall, a hiking trail walk takes 6 days; 1 day equals 24 hours, and 1 hour equals 60 minutes. These are the 
rr.chained_conversion.rate	easy	0	437de3f9-597f-5759-a4cb-d82f34c5fab9	rr.chained_conversion.rate/easy.single_step_time_unit	ask=day	At a steady 42 cups per hour, a coffee shop keeps going. Recall that 1 day = 24 hours. No other information ab
rr.chained_conversion.rate	medium	0	42df6791-ff97-5746-a81f-c8df48a4b978	rr.chained_conversion.rate/medium.multi_unit_rate	ask=hour	You may use the fact that 1 liter = 1000 cubic centimeters and 1 hour = 60 minutes. A cooling unit's rate is 7
probability.simple.bag	easy	0	e9015b70-8752-53b4-a9c9-21928410e33e	probability.simple.bag/easy.single_color	ask=probability	A raffle drum holds 2 pink tickets, 4 white tickets, and 5 gray tickets. One ticket is chosen randomly. Everyt
probability.simple.bag	medium	0	2b85436e-ff60-562e-ab9c-e92346d23ef9	probability.simple.bag/medium.not_color	ask=probability	One button is picked randomly. A tin contains 10 black buttons, 4 brown buttons, and 6 tan buttons. Everything
probability.simple.dice	easy	0	1b855ad8-e145-5352-a606-bbbe22de45ab	probability.simple.dice/easy.one_die	ask=probability	A single fair die with 12 sides, numbered 1 through 12, is tossed. Nothing else changed while these details we
probability.simple.dice	medium	0	3082484e-41b7-580c-a048-b69c4bdbd17d	probability.simple.dice/medium.two_dice_sum	ask=probability	Two ordinary dice, one red and one blue, are rolled together; each has faces numbered 1 through 6. These detai
probability.conditional.survey	easy	0	05f7b07e-47cf-511f-aaf1-cc6ef5d24887	probability.conditional.survey/easy.counts_given	ask=probability	Of 70 volunteers polled, 31 work weekends. Among those 31, 15 also speak Spanish. The details were written dow
probability.conditional.survey	medium	0	269fddb5-1c90-5508-a3e7-9ea36c4798d4	probability.conditional.survey/medium.union_given	ask=probability	Of 40 musicians polled, 15 play piano and 11 sing in the choir. Precisely 23 of them are in neither group. The
probability.conditional.numbers	easy	0	dc46d05f-70d7-5543-aac1-4b71da7292fc	probability.conditional.numbers/easy.parity_multiple	ask=probability	One card is picked randomly, and you are told its number is a multiple of 5. A box holds 24 cards numbered 1 t
probability.conditional.numbers	medium	0	44c311c2-160e-5d7a-a4c6-3aa1685191a8	probability.conditional.numbers/medium.threshold_mixed	ask=probability	One card is picked at random, and you are told its number is odd. A box contains 18 cards numbered 1 through 1
probability.sequential_without_replacement.marbles	easy	0	8b222911-fc85-5b5a-a1d9-19173af7a39a	probability.sequential_without_replacement.marbles/easy.same_color	ask=probability	A bag has 5 red marbles, 9 blue marbles and 1 other marbles. Two are taken in turn, and the first is not put b
probability.sequential_without_replacement.marbles	medium	0	2d058035-b7f9-5844-ad2a-14742867a5a1	probability.sequential_without_replacement.marbles/medium.two_colors	ask=probability	A raffle drum has 5 pink tickets, 8 white tickets and 2 other tickets. Two are drawn one after the other, and 
probability.sequential_without_replacement.committee	easy	0	99dbb206-6b2e-5bf2-a07a-41be489ae8ba	probability.sequential_without_replacement.committee/easy.both_same_group	ask=probability	A volunteer group is made up of 9 adults and 7 teenagers. Two members are selected at random, one after the ot
probability.sequential_without_replacement.committee	medium	0	3604c483-3758-5e3b-ac67-44a746013741	probability.sequential_without_replacement.committee/medium.at_least_one	ask=probability	Among the members of a debate club there are 4 girls and 7 boys. Two of them are picked in turn randomly for a
