archetype	seed	gid	subpattern
ee.polynomial_distribution.compose_kind	seed 0	a8b1b69b-4c8f-590e-afff-db8dadc5f7b8	ee.polynomial_distribution.compose_kind/abstract
ee.polynomial_distribution.compose_kind	seed 1	a6119db6-12d7-5773-aa4d-39a06e47d207	ee.polynomial_distribution.compose_kind/area_context
ee.polynomial_distribution.inverse	seed 0	e966cb21-dc53-5f87-a988-897b75197018	ee.polynomial_distribution.inverse/coefficient_inverse
ee.polynomial_distribution.inverse	seed 1	746d6e01-2062-5fd7-a384-38c2ce63f62c	ee.polynomial_distribution.inverse/coefficient_inverse
ee.polynomial_distribution.constraint_select	seed 0	c1e88672-4cfc-50c9-a3bb-cb05fb121796	ee.polynomial_distribution.constraint_select/abstract
ee.polynomial_distribution.constraint_select	seed 1	c69b349d-65b3-561b-ad93-70da4630ea4b	ee.polynomial_distribution.constraint_select/rectangle_context
ee.polynomial_distribution.repr_shift	seed 0	6778ef4b-0119-5f5f-a805-9e1be93fece4	ee.polynomial_distribution.repr_shift/border_area
ee.polynomial_distribution.repr_shift	seed 1	10de2ad7-c507-5eeb-a690-5638e7e9a691	ee.polynomial_distribution.repr_shift/border_area
ee.rational_equivalence.inverse	seed 0	c482e185-b532-53f4-a437-19b385254e9a	ee.rational_equivalence.inverse/product
ee.rational_equivalence.inverse	seed 1	aec10900-586b-59e6-ae0d-07938f14d89c	ee.rational_equivalence.inverse/product
ee.rational_equivalence.compose_kind	seed 0	b76d76e1-1bf2-5425-a80d-2ef49f3be897	ee.rational_equivalence.compose_kind/reciprocal_of_difference
ee.rational_equivalence.compose_kind	seed 1	b3f28525-4c59-507c-a6d1-502c7f71ef90	ee.rational_equivalence.compose_kind/reciprocal_of_difference
ee.rational_equivalence.param_condition	seed 0	85e88847-4fcf-5079-a02e-5915b7718108	ee.rational_equivalence.param_condition/ask_sum
ee.rational_equivalence.param_condition	seed 1	6d1377b7-430b-5169-a0f8-4b7b552fa32d	ee.rational_equivalence.param_condition/ask_k
ee.rational_equivalence.constraint_select	seed 0	4faa3eff-57ca-5d24-a787-2586e8161d5a	ee.rational_equivalence.constraint_select/excluded_values_sum
ee.rational_equivalence.constraint_select	seed 1	aa73c9a8-2d18-5919-ae76-908e8d93bd5b	ee.rational_equivalence.constraint_select/excluded_values_sum
rr.proportion.chain2	seed 0	c88374f8-9926-56f7-a53e-d2b35be92438	rr.proportion.chain2/mixture
rr.proportion.chain2	seed 1	cc6c9f5f-4e30-5399-a093-d2692507a2ed	rr.proportion.chain2/mixture
rr.proportion.inverse	seed 0	adc7547f-2e25-59c1-afd5-675afa7330dd	rr.proportion.inverse/remove
rr.proportion.inverse	seed 1	560a17d9-fce4-52d2-a9a8-abaca52f3323	rr.proportion.inverse/remove
rr.proportion.compare_scenarios	seed 0	a9615f67-50d3-501a-adf3-3ba196ea36b7	rr.proportion.compare_scenarios/head_start
rr.proportion.compare_scenarios	seed 1	0e0e3b8e-1c8f-5575-a27f-6a58c2a83b2d	rr.proportion.compare_scenarios/head_start
rr.proportion.unit_ratio	seed 0	fa9e5dbf-e9fa-51f1-abbe-bf1fe16fc939	rr.proportion.unit_ratio/area_scale_inverse
rr.proportion.unit_ratio	seed 1	8ea695e6-2480-574c-a927-d852718e965d	rr.proportion.unit_ratio/area_scale_inverse
rr.chained_conversion.compose_kind	seed 0	68773330-eff5-533e-a9ec-75de3b70ace6	rr.chained_conversion.compose_kind/gallons_per_100_miles
rr.chained_conversion.compose_kind	seed 1	f14646fc-eb2e-5a6d-a338-309c74ff88ab	rr.chained_conversion.compose_kind/gallons_per_100_miles
rr.chained_conversion.unit_ratio	seed 0	c286ef2b-3995-5a40-a129-e37ec7b9b24b	rr.chained_conversion.unit_ratio/volume_to_time
rr.chained_conversion.unit_ratio	seed 1	5ee47cd6-00dd-5fc2-a9c6-6affd039bd3c	rr.chained_conversion.unit_ratio/volume_to_time
rr.chained_conversion.compare_scenarios	seed 0	95105d8c-add9-5126-afbd-591ec65672d4	rr.chained_conversion.compare_scenarios/unit_price_gap
rr.chained_conversion.compare_scenarios	seed 1	d3bbc3d3-8872-516e-a375-09e5a5c0745f	rr.chained_conversion.compare_scenarios/unit_price_gap
rr.chained_conversion.chain2	seed 0	a7137707-f6c4-55f1-a12c-e8ef845abddf	rr.chained_conversion.chain2/two_legs
rr.chained_conversion.chain2	seed 1	0e5a58c5-dab7-5d96-ad6b-e96df9bccffa	rr.chained_conversion.chain2/two_legs
le.solve.param_condition	seed 0	85643397-1ec3-51d7-a164-0662df21ec3c	le.solve.param_condition/infinitely_many
le.solve.param_condition	seed 1	c0a486f4-ff8e-5e40-afe0-280b2e90c01c	le.solve.param_condition/no_solution
le.solve.constraint_select	seed 0	4c3d67fb-e9c8-5d67-acd7-08c1e24db454	le.solve.constraint_select/count_solutions
le.solve.constraint_select	seed 1	10467a75-80b0-5e31-a2db-af973edb0fb8	le.solve.constraint_select/count_solutions
le.solve.chain2	seed 0	09e112d2-e7a0-5b77-a9d6-0cdc06aa8ff4	le.solve.chain2/relation_the_opposite_of
le.solve.chain2	seed 1	51498776-064a-5387-ae10-7fafc7eea97c	le.solve.chain2/relation_4_less_than
le.solve.compose_kind	seed 0	73b67de1-3a2e-5507-aaf8-65d29183f198	le.solve.compose_kind/perimeter_to_area
le.solve.compose_kind	seed 1	2f201347-7e58-5e3c-a511-4c5aa1c4e82e	le.solve.compose_kind/perimeter_to_area
le.word_problem_translate.chain2	seed 0	54130a2b-6be9-5c5c-ad23-e99b4cae6d0b	le.word_problem_translate.chain2/consecutive_even_odd
le.word_problem_translate.chain2	seed 1	700c2955-ac92-58b8-a8fe-491ea24cbcc9	le.word_problem_translate.chain2/consecutive_even_odd
le.word_problem_translate.unit_ratio	seed 0	d9e6a66c-deb8-5dde-af5b-4f41a9575739	le.word_problem_translate.unit_ratio/work_then_alone
le.word_problem_translate.unit_ratio	seed 1	619d5696-2e82-5182-a1f7-78f282640809	le.word_problem_translate.unit_ratio/work_then_alone
le.word_problem_translate.constraint_select	seed 0	d274e6ee-0580-5321-a860-230f378d9258	le.word_problem_translate.constraint_select/future_sum
le.word_problem_translate.constraint_select	seed 1	30fd65cb-8e4a-5b7f-a947-048e20794268	le.word_problem_translate.constraint_select/future_sum
le.word_problem_translate.repr_shift	seed 0	d6cc7008-28ac-5987-a15f-1be1428e9e8a	le.word_problem_translate.repr_shift/three_item_types
le.word_problem_translate.repr_shift	seed 1	d09e32f8-c91e-506b-aebe-e609783af6da	le.word_problem_translate.repr_shift/three_item_types
le.literal_rearrange.compose_kind	seed 0	4c3c5048-5764-5e77-ae77-4bb95282bf72	le.literal_rearrange.compose_kind/factor_then_substitute
le.literal_rearrange.compose_kind	seed 1	4b0b4440-8644-54b6-ab9b-1d9e59142f69	le.literal_rearrange.compose_kind/factor_then_substitute
le.literal_rearrange.inverse	seed 0	802204d0-7041-55b9-af93-8261320ea46c	le.literal_rearrange.inverse/thin_lens
le.literal_rearrange.inverse	seed 1	c8501683-86ed-5b79-a71f-48aab0e2490a	le.literal_rearrange.inverse/parallel_resistors
le.literal_rearrange.chain2	seed 0	ebfddbcd-ceaf-51c2-a540-0ab259125248	le.literal_rearrange.chain2/warmer
le.literal_rearrange.chain2	seed 1	ba5f23cb-19c1-54a5-a134-4215a4c8f600	le.literal_rearrange.chain2/warmer
le.literal_rearrange.param_condition	seed 0	d1f642c4-94c5-5f39-ae61-1d6f94fde3e9	le.literal_rearrange.param_condition/collect_and_divide
le.literal_rearrange.param_condition	seed 1	fe54488e-8e9c-5ea0-a596-9ee557387eb6	le.literal_rearrange.param_condition/collect_and_divide
probability.simple.compose_kind	seed 0	54b8f3e8-cef3-5949-a119-4c9a2a520a62	probability.simple.compose_kind/dice_prime
probability.simple.compose_kind	seed 1	60861cb5-c409-56ae-a6ef-d08634c8b955	probability.simple.compose_kind/dice_prodeven
probability.simple.inverse	seed 0	9f2d7953-2133-5e70-a5b6-a52ccd3dae7f	probability.simple.inverse/exactly_one_inverse
probability.simple.inverse	seed 1	d9745d48-2b75-58b2-ab0c-c63546f64c6a	probability.simple.inverse/exactly_one_inverse
probability.simple.compare_scenarios	seed 0	7dde7fee-0e77-5a59-a452-14c734eb08f8	probability.simple.compare_scenarios/add_to_reach_probability
probability.simple.compare_scenarios	seed 1	680c5c10-1745-5c1a-a6bc-301a6d745ada	probability.simple.compare_scenarios/add_to_reach_probability
probability.simple.repr_shift	seed 0	ceb3ef5b-0f95-5723-a2c4-6a912393f47d	probability.simple.repr_shift/angles_to_probability
probability.simple.repr_shift	seed 1	a4f53ebb-7d10-523e-a656-195796554885	probability.simple.repr_shift/angles_to_probability
probability.conditional.repr_shift	seed 0	d99b7776-a786-586c-a76d-0692236a315d	probability.conditional.repr_shift/rebuild_two_way_table
probability.conditional.repr_shift	seed 1	16e39d73-19cd-52b4-a6f2-7c2d1064c774	probability.conditional.repr_shift/rebuild_two_way_table
probability.conditional.chain2	seed 0	24cb6e94-dcf9-5b06-a9f1-dd07903c4b64	probability.conditional.chain2/reverse_conditional_defects
probability.conditional.chain2	seed 1	2ca595c1-0b47-5a90-ae34-ae5e307e8123	probability.conditional.chain2/reverse_conditional_defects
probability.conditional.inverse	seed 0	6559e7ec-567a-512c-a473-41c77e63cb76	probability.conditional.inverse/reverse_definition_complement
probability.conditional.inverse	seed 1	9c297570-533d-54fd-aea1-9ffe68b57b3c	probability.conditional.inverse/reverse_definition_complement
probability.conditional.compose_kind	seed 0	e5fede6f-6b3d-5e10-a7e1-558762fe0b75	probability.conditional.compose_kind/dice_given_sum_same
probability.conditional.compose_kind	seed 1	c06759b9-99c2-5ed5-afbf-9204305b15b2	probability.conditional.compose_kind/dice_given_sum_same
probability.sequential_without_replacement.compare_scenarios	seed 0	99eea1c9-60b2-5f3f-a65a-a1a4bfcb0d2b	probability.sequential_without_replacement.compare_scenarios/with_vs_without_replacement
probability.sequential_without_replacement.compare_scenarios	seed 1	d2e4761f-f749-5fcd-af88-1ed8907a8b3e	probability.sequential_without_replacement.compare_scenarios/with_vs_without_replacement
probability.sequential_without_replacement.inverse	seed 0	2a18f158-c44e-5958-a7af-144a66a403e5	probability.sequential_without_replacement.inverse/unknown_count_from_probability
probability.sequential_without_replacement.inverse	seed 1	f8e49c67-a376-58d6-adb8-3705abcda83d	probability.sequential_without_replacement.inverse/unknown_count_from_probability
probability.sequential_without_replacement.constraint_select	seed 0	d366915d-92e9-5f5f-aaee-3b5ca32b29c9	probability.sequential_without_replacement.constraint_select/at_least_one_red
probability.sequential_without_replacement.constraint_select	seed 1	685a7431-ccaa-5c7f-a83d-14b74a86060b	probability.sequential_without_replacement.constraint_select/at_least_one_red
probability.sequential_without_replacement.chain2	seed 0	f89f84c3-88d1-59b2-a603-49acd89e01b6	probability.sequential_without_replacement.chain2/transfer_then_draw
probability.sequential_without_replacement.chain2	seed 1	3dc644c2-03f1-550c-a584-530e735e97d7	probability.sequential_without_replacement.chain2/transfer_then_draw
