archetype	difficulty	seed	gid	subpattern	지문	질문	정답	의미 일치 점검 포인트
le.solve.param_condition	hard	0	85643397-1ec3-51d7-a164-0662df21ec3c	le.solve.param_condition/infinitely_many	Consider the equation below, where r and s are constants. There are infinitely many values of x satisfying the equation. ⏎ $r(x - 2) + s = 3(x - 3) - 2$	What is the value of r + s?	-2	부등호/등호 방향어와 식의 방향 일치, 변수 문자가 질문과 같은 문자인지
le.solve.param_condition	hard	1	c0a486f4-ff8e-5e40-afe0-280b2e90c01c	le.solve.param_condition/no_solution	Consider the equation below, where p is a constant. There is no value of n that satisfies the equation. ⏎ $p(n + 4) + 23 = -2(n - 5) + 3$	What is the value of p?	-2	부등호/등호 방향어와 식의 방향 일치, 변수 문자가 질문과 같은 문자인지
le.solve.constraint_select	hard	0	4c3d67fb-e9c8-5d67-acd7-08c1e24db454	le.solve.constraint_select/count_solutions	The equation below is defined for all real t except one value. ⏎ $\frac{t - 7}{t - 5} = \frac{-1}{t - 5}$	How many real solutions does the equation have?	1	부등호/등호 방향어와 식의 방향 일치, 변수 문자가 질문과 같은 문자인지
le.solve.constraint_select	hard	1	10467a75-80b0-5e31-a2db-af973edb0fb8	le.solve.constraint_select/count_solutions	Solve the equation below, keeping the excluded value in mind. ⏎ $\frac{n - 5}{n - 4} = 3 + \frac{9}{n - 4}$	What is the number of real values of n that satisfy the equation?	1	부등호/등호 방향어와 식의 방향 일치, 변수 문자가 질문과 같은 문자인지
le.solve.chain2	hard	0	09e112d2-e7a0-5b77-a9d6-0cdc06aa8ff4	le.solve.chain2/relation_the_opposite_of	Suppose p is the value of t that satisfies $-3t + 2 = 8$. The solution of the equation $3t + k = -7$ is the opposite of p, where k is a constant.	Which value of k satisfies these conditions?	-13	부등호/등호 방향어와 식의 방향 일치, 변수 문자가 질문과 같은 문자인지
le.solve.chain2	hard	1	51498776-064a-5387-ae10-7fafc7eea97c	le.solve.chain2/relation_4_less_than	Suppose p is the value of x that satisfies $3x + 6 = 9$. The solution of the equation $6x + k = -2$ is 4 less than p, where k is a constant.	What is the value of k?	16	부등호/등호 방향어와 식의 방향 일치, 변수 문자가 질문과 같은 문자인지
le.solve.compose_kind	hard	0	73b67de1-3a2e-5507-aaf8-65d29183f198	le.solve.compose_kind/perimeter_to_area	The rectangular banner has a length of $2m + 3$ feet and a width of $5m + 6$ feet. Its perimeter is 60 feet.	Find the area of the banner in square feet.	189	부등호/등호 방향어와 식의 방향 일치, 변수 문자가 질문과 같은 문자인지
le.solve.compose_kind	hard	1	2f201347-7e58-5e3c-a511-4c5aa1c4e82e	le.solve.compose_kind/perimeter_to_area	A rectangular tabletop has a length of $2n$ centimeters and a width of $5n + 4$ centimeters. Its perimeter measures 92 centimeters.	Find the area of the tabletop in square centimeters.	408	부등호/등호 방향어와 식의 방향 일치, 변수 문자가 질문과 같은 문자인지
le.word_problem_translate.chain2	hard	0	54130a2b-6be9-5c5c-ad23-e99b4cae6d0b	le.word_problem_translate.chain2/consecutive_even_odd	The sum of three consecutive odd integers equals 19 less than four times the largest of the three.	Find the largest of the three odd integers.	13	문장의 수량-명사가 식의 항과 일치(몇 배·몇 더 큰/작은의 방향)
le.word_problem_translate.chain2	hard	1	700c2955-ac92-58b8-a8fe-491ea24cbcc9	le.word_problem_translate.chain2/consecutive_even_odd	The total of five consecutive even integers is 60 more than three times the largest of the five.	Which value is the greatest of these five even integers?	40	문장의 수량-명사가 식의 항과 일치(몇 배·몇 더 큰/작은의 방향)
le.word_problem_translate.unit_ratio	hard	0	d9e6a66c-deb8-5dde-af5b-4f41a9575739	le.word_problem_translate.unit_ratio/work_then_alone	Working solo, Mia needs 15 hours to plant a garden. The same job would take Theo 12 hours alone. The two start together and work side by side for 5 hours; after that Mia stops and Theo completes the remaining work alone.	How many hours does the whole job take, from start to finish?	8	문장의 수량-명사가 식의 항과 일치(몇 배·몇 더 큰/작은의 방향)
le.word_problem_translate.unit_ratio	hard	1	619d5696-2e82-5182-a1f7-78f282640809	le.word_problem_translate.unit_ratio/work_then_alone	Rosa can stock a warehouse in 6 hours when working alone. The same job would take Dev 10 hours alone. They work together for 3 hours, and then Rosa leaves and Dev finishes the rest of the job alone.	How many hours does the whole job take, from start to finish?	5	문장의 수량-명사가 식의 항과 일치(몇 배·몇 더 큰/작은의 방향)
le.word_problem_translate.constraint_select	hard	0	d274e6ee-0580-5321-a860-230f378d9258	le.word_problem_translate.constraint_select/future_sum	Maya's age is four times her brother's age. The total of their ages 5 years from today will be 90.	How old is her brother now?	16	문장의 수량-명사가 식의 항과 일치(몇 배·몇 더 큰/작은의 방향)
le.word_problem_translate.constraint_select	hard	1	30fd65cb-8e4a-5b7f-a947-048e20794268	le.word_problem_translate.constraint_select/future_sum	Lena is three times as old as her son. 10 years from now their ages will add up to 44.	How old is her son now?	6	문장의 수량-명사가 식의 항과 일치(몇 배·몇 더 큰/작은의 방향)
le.word_problem_translate.repr_shift	hard	0	d6cc7008-28ac-5987-a15f-1be1428e9e8a	le.word_problem_translate.repr_shift/three_item_types	The only items in a bag of game chips are white chips, black chips, and gold chips. The gold chips outnumber the black chips by 5. The number of white chips is twice the number of black chips. Their combined value comes to 92 points. (A white chip is worth 1 point, a black chip 3 points, and a gold chip 8 points.)	How many gold chips are there?	9	문장의 수량-명사가 식의 항과 일치(몇 배·몇 더 큰/작은의 방향)
le.word_problem_translate.repr_shift	hard	1	d09e32f8-c91e-506b-aebe-e609783af6da	le.word_problem_translate.repr_shift/three_item_types	The only items in a jar are nickels, dimes, and quarters. The nickels are twice as numerous as the dimes. The number of quarters exceeds the number of dimes by 2. Their combined value comes to 635 cents. (A nickel is worth 5 cents, a dime 10 cents, and a quarter 25 cents.)	Find the number of quarters.	15	문장의 수량-명사가 식의 항과 일치(몇 배·몇 더 큰/작은의 방향)
le.literal_rearrange.compose_kind	hard	0	4c3c5048-5764-5e77-ae77-4bb95282bf72	le.literal_rearrange.compose_kind/factor_then_substitute	The amount A, in dollars, in a credit union account that earns simple interest is given by $A = P + Prt$. Here P is the opening balance in dollars, r is the yearly interest rate as a decimal, and t is the time in years. After 6 years at a yearly rate of 5%, the amount is 585 dollars.	Find the opening balance, in dollars.	450	공식에 쓰인 문자와 질문이 묻는 문자의 일치, 단위
le.literal_rearrange.compose_kind	hard	1	4b0b4440-8644-54b6-ab9b-1d9e59142f69	le.literal_rearrange.compose_kind/factor_then_substitute	Simple interest on a credit union account gives the amount A, in dollars, as $A = P + Prt$. Here P is the opening balance in dollars, r is the yearly interest rate as a decimal, and t is the time in years. Over 10 years, at a rate of 6% per year, the balance reaches 400 dollars.	Find the opening balance, in dollars.	250	공식에 쓰인 문자와 질문이 묻는 문자의 일치, 단위
le.literal_rearrange.inverse	hard	0	802204d0-7041-55b9-af93-8261320ea46c	le.literal_rearrange.inverse/thin_lens	A thin lens satisfies $\frac{1}{f} = \frac{1}{u} + \frac{1}{v}$, with f the focal length, u the object distance, and v the image distance (all in centimeters). A lens has a focal length of 15 centimeters. The object distance is 20 centimeters.	What is the image distance, in centimeters?	60	공식에 쓰인 문자와 질문이 묻는 문자의 일치, 단위
le.literal_rearrange.inverse	hard	1	c8501683-86ed-5b79-a71f-48aab0e2490a	le.literal_rearrange.inverse/parallel_resistors	In a parallel circuit with two resistors, R, R1, and R2 are related by $\frac{1}{R} = \frac{1}{R_1} + \frac{1}{R_2}$. The first resistor has a resistance of 15 ohms. A circuit has a total resistance of 10 ohms.	Find the other resistance in ohms.	30	공식에 쓰인 문자와 질문이 묻는 문자의 일치, 단위
le.literal_rearrange.chain2	hard	0	ebfddbcd-ceaf-51c2-a540-0ab259125248	le.literal_rearrange.chain2/warmer	The temperature in degrees Fahrenheit, F, is related to the temperature in degrees Celsius, C, by $F = \frac{9}{5}C + 32$. Room 12 reads 32 degrees Fahrenheit. Measured in Celsius, the reading at room 15 is exactly 10 degrees higher than the reading at room 12.	What is the temperature at room 15, in degrees Fahrenheit?	50	공식에 쓰인 문자와 질문이 묻는 문자의 일치, 단위
le.literal_rearrange.chain2	hard	1	ba5f23cb-19c1-54a5-a134-4215a4c8f600	le.literal_rearrange.chain2/warmer	Fahrenheit (F) and Celsius (C) readings are related by $F = \frac{9}{5}C + 32$. A thermometer at City A shows 95 degrees Fahrenheit. The temperature at City B is 15 degrees Celsius higher than the temperature at City A.	Find the Fahrenheit temperature at City B.	122	공식에 쓰인 문자와 질문이 묻는 문자의 일치, 단위
le.literal_rearrange.param_condition	hard	0	d1f642c4-94c5-5f39-ae61-1d6f94fde3e9	le.literal_rearrange.param_condition/collect_and_divide	The equation $3x - 6y = 6x + 9$ can be rewritten as $x = my + n$, where m and n are constants.	Find m + n.	-5	공식에 쓰인 문자와 질문이 묻는 문자의 일치, 단위
le.literal_rearrange.param_condition	hard	1	fe54488e-8e9c-5ea0-a596-9ee557387eb6	le.literal_rearrange.param_condition/collect_and_divide	Solving $5t + 15y = 8t - 21$ for t gives an equation of the form $t = my + n$, with m and n constants.	Find m + n.	12	공식에 쓰인 문자와 질문이 묻는 문자의 일치, 단위
li.solve_one_var.param_condition	hard	0	37115298-f22b-5c28-aee2-9357098249b8	li.solve_one_var.param_condition/sign_of_coefficient	In the inequality below, c is a constant. The solution set of the inequality is all values of t that satisfy $t \le 2$. ⏎ $ct + 5 \le 11$	What must c equal?	3	부등호 방향어(at least/at most 등)와 식 일치, 정수 조건·포함 여부 문구
li.solve_one_var.param_condition	hard	1	68d22062-b9ad-5e93-ac90-7c17e057b9c0	li.solve_one_var.param_condition/sign_of_coefficient	The inequality below contains a constant c. The solution set of the inequality is all values of m that satisfy $m \ge -3$. ⏎ $cm + 5 \le 26$	Which value of c produces this solution set?	-7	부등호 방향어(at least/at most 등)와 식 일치, 정수 조건·포함 여부 문구
li.solve_one_var.constraint_select	hard	0	f2b39c9a-615a-53de-a43a-d407b356440f	li.solve_one_var.constraint_select/compound_least	The integer n satisfies both of the inequalities below. ⏎ $-3n - 5 \le 6$ ⏎ $-4n + 4 > 5$	What is the least integer n that satisfies both inequalities?	-3	부등호 방향어(at least/at most 등)와 식 일치, 정수 조건·포함 여부 문구
li.solve_one_var.constraint_select	hard	2	81cfb9d2-0c4f-5b27-ab09-cc05f35080e8	li.solve_one_var.constraint_select/compound_least	The integer x satisfies both of the inequalities below. ⏎ $-3x + 6 > -9$ ⏎ $-4x + 7 < 21$	What is the least integer x that satisfies both inequalities?	-3	부등호 방향어(at least/at most 등)와 식 일치, 정수 조건·포함 여부 문구
li.solve_one_var.chain2	hard	0	35f041b6-422f-5da0-a01e-a23ce6776708	li.solve_one_var.chain2/least_k	Let s be the least integer that satisfies $3t + 1 > 16$. For an integer p, the value s satisfies $pt + 6 \ge 2$.	Find the least integer value of p.	0	부등호 방향어(at least/at most 등)와 식 일치, 정수 조건·포함 여부 문구
li.solve_one_var.chain2	hard	1	594518c3-e145-580b-a810-e095d0ec7354	li.solve_one_var.chain2/least_k	Let s be the least integer that satisfies $3n + 6 > 23$. The number s is also a solution of $pn + 5 \ge 47$, where p is an integer.	Find the least integer value of p.	7	부등호 방향어(at least/at most 등)와 식 일치, 정수 조건·포함 여부 문구
li.solve_one_var.compose_kind	hard	0	21589ed0-269a-5cd3-aa41-85cb21cf12fb	li.solve_one_var.compose_kind/perimeter_area_bound	A rectangular poster has a length of $x + 5$ inches and a width of $x - 2$ inches, where x is an integer. The distance around it is no more than 59 inches. The width must be at least 3 inches.	What is the greatest possible area of the poster, in square inches?	198	부등호 방향어(at least/at most 등)와 식 일치, 정수 조건·포함 여부 문구
li.solve_one_var.compose_kind	hard	1	7c441933-32b8-50ac-a383-ab5625bd0544	li.solve_one_var.compose_kind/perimeter_area_bound	For an integer x, a rectangular mat measures $x + 4$ feet in length and $x - 5$ feet in width. The distance around it is no more than 40 feet. The width must be at least 2 feet.	Find the maximum possible area of the mat in square feet.	70	부등호 방향어(at least/at most 등)와 식 일치, 정수 조건·포함 여부 문구
li.point_in_solution.inverse	hard	0	ab5a54db-5880-501c-a1a0-32fe643b4f9b	li.point_in_solution.inverse/unknown_constant_count	An integer b appears in the inequality below. It is known that $(3, -3)$ lies in the solution set. ⏎ $y \le -2x + b$	If $-9 \le b \le 9$, how many integer values can b take?	7	점의 좌표 순서(x, y)와 포함 여부(<, ≤), '해가 아님/해임' 문구
li.point_in_solution.inverse	hard	1	6d418cc9-9c59-53f7-aaf8-8b27d64f65f7	li.point_in_solution.inverse/unknown_constant_count	In the inequality below, b is an integer. The point $(-1, -3)$ is a solution to the inequality. ⏎ $y \le x + b$	How many integer values of b between -9 and 9, inclusive, are possible?	12	점의 좌표 순서(x, y)와 포함 여부(<, ≤), '해가 아님/해임' 문구
li.point_in_solution.constraint_select	hard	0	6b759f8d-e54a-50c8-a6e6-22db9067717d	li.point_in_solution.constraint_select/lattice_between_lines	A point (x, y) must satisfy both inequalities below. ⏎ $y > -x - 2$ ⏎ $y \le -x + 5$ ⏎ Only points whose coordinates are positive integers and whose x-coordinate is at most 4 are counted.	What is the total number of points that satisfy both conditions?	10	점의 좌표 순서(x, y)와 포함 여부(<, ≤), '해가 아님/해임' 문구
li.point_in_solution.constraint_select	hard	1	4ca363ba-d965-5abc-a397-0e72efc56f8f	li.point_in_solution.constraint_select/lattice_between_lines	Consider the system of inequalities below. ⏎ $y \ge x - 4$ ⏎ $y \le -x + 5$ ⏎ Only points whose coordinates are positive integers and whose x-coordinate is at most 5 are counted.	How many of the points make both inequalities true?	10	점의 좌표 순서(x, y)와 포함 여부(<, ≤), '해가 아님/해임' 문구
li.point_in_solution.repr_shift	hard	0	d6f668e0-1904-576d-a7b0-03e82c145997	li.point_in_solution.repr_shift/revenue_goal_round_up	Each premium seat sold earns 7 dollars, and each standard seat sold earns 5 dollars. The goal is to earn at least 363 dollars in total. 30 premium seats are already sold.	At least how many standard seats must be sold to reach the goal?	31	대응표: premium seat=7; standard seat=5 / 점의 좌표 순서(x, y)와 포함 여부(<, ≤), '해가 아님/해임' 문구
li.point_in_solution.repr_shift	hard	1	9d7db71a-4fb1-58ad-a83a-1f027da4be5e	li.point_in_solution.repr_shift/revenue_goal_round_up	Each hardcover book sold earns 15 dollars, and each paperback book sold earns 12 dollars. Total sales of at least 623 dollars are needed. 24 hardcover books are already sold.	What is the least number of paperback books that must also be sold to reach the goal?	22	대응표: hardcover book=15; paperback book=12 / 점의 좌표 순서(x, y)와 포함 여부(<, ≤), '해가 아님/해임' 문구
li.point_in_solution.compare_scenarios	hard	0	be8c967b-9a3d-59d6-a50f-2fc7c9fc2bec	li.point_in_solution.compare_scenarios/plan_crossover	Two plans are offered by a print shop. Plan A costs 9 dollars for each poster plus a setup charge of 80 dollars. Under Plan B, a setup charge of 157 dollars is paid and each poster costs 5 dollars. Only whole numbers of posters can be purchased.	What is the least whole number of posters for which Plan B costs less than Plan A?	20	점의 좌표 순서(x, y)와 포함 여부(<, ≤), '해가 아님/해임' 문구
li.point_in_solution.compare_scenarios	hard	1	c225c924-4a35-5f8f-a860-06c0f2d90292	li.point_in_solution.compare_scenarios/plan_crossover	A print shop offers two plans. Plan A has a setup charge of 85 dollars and charges 13 dollars per poster. Plan B is priced with a setup charge of 133 dollars and 8 dollars for every poster. A customer will choose whichever plan costs less.	For what least whole number of posters is Plan B cheaper than Plan A?	10	점의 좌표 순서(x, y)와 포함 여부(<, ≤), '해가 아님/해임' 문구
li.table_verification.repr_shift	hard	0	9484ca25-f50b-5a08-a6a5-ea97da35c971	li.table_verification.repr_shift/sentence_to_inequality	For the ordered pairs below, the y-value is at least 4 less than 2 times the opposite of the x-value. Here are the pairs $(-3, 4)$, $(-2, 0)$, $(-1, -5)$, $(0, -2)$, $(2, -7)$, and $(4, -15)$.	For how many of the ordered pairs is the statement true?	4	나열된 순서쌍과 문장 부등식의 일치(m배보다 b 큼/작음), 경계 포함 여부
li.table_verification.repr_shift	hard	1	2aa64e79-2abd-56bb-a893-8939c1bd8fcc	li.table_verification.repr_shift/sentence_to_inequality	In the xy-plane, y is at most 3 less than 3 times the opposite of the x-value. The pairs to check are $(-3, 8)$, $(-2, 3)$, $(-1, 0)$, $(1, -6)$, $(3, -12)$, and $(4, -13)$.	How many of the listed pairs make the statement true?	4	나열된 순서쌍과 문장 부등식의 일치(m배보다 b 큼/작음), 경계 포함 여부
li.table_verification.constraint_select	hard	0	5eeba2a0-5d84-5330-a1ff-4fc02b0ae924	li.table_verification.constraint_select/unknown_slope_all_points	Each of the ordered pairs listed below satisfies the inequality $y < kx + 4$, in which k is a whole-number constant. They are $(-4, 4)$, $(1, 1)$, and $(-3, 5)$.	How many whole-number values of k work for every pair?	2	나열된 순서쌍과 문장 부등식의 일치(m배보다 b 큼/작음), 경계 포함 여부
li.table_verification.constraint_select	hard	1	81c73fda-499d-5927-a373-626fb5ae3527	li.table_verification.constraint_select/unknown_slope_all_points	The ordered pairs below are all solutions to the inequality $y < kx - 4$, and k is an integer constant. They are $(-4, 3)$, $(-1, -7)$, and $(1, -9)$.	How many whole-number values of k work for every pair?	3	나열된 순서쌍과 문장 부등식의 일치(m배보다 b 큼/작음), 경계 포함 여부
li.table_verification.inverse	hard	0	2ba72ef4-c0bf-5983-a440-41893ab46f81	li.table_verification.inverse/rebuild_from_boundary_points	In the xy-plane, the points that satisfy a certain linear inequality form the region above its boundary line, and the boundary line is not included. The boundary line passes through the points $(0, 5)$ and $(4, 11)$.	Among points of the form $(7, y)$ with integer $y$ that are not solutions, what is the greatest $y$?	15	나열된 순서쌍과 문장 부등식의 일치(m배보다 b 큼/작음), 경계 포함 여부
li.table_verification.inverse	hard	1	ab29d283-18c3-5e21-a695-25dc8822f5ef	li.table_verification.inverse/rebuild_from_boundary_points	The solution set of an inequality in the xy-plane is the region below its boundary line, and the boundary line is not included. That line goes through the points $(0, 6)$ and $(4, 8)$.	What is the least integer $y$ such that $(5, y)$ is NOT in the solution set?	9	나열된 순서쌍과 문장 부등식의 일치(m배보다 b 큼/작음), 경계 포함 여부
li.table_verification.compare_scenarios	hard	0	58e00808-d475-56fc-a4bb-8efec39c9fd3	li.table_verification.compare_scenarios/first_but_not_second	Two inequalities are given below. ⏎ $y > -2x + 3$ ⏎ $y \le -2x - 2$ ⏎ The ordered pairs are $(-2, 8)$, $(-1, 6)$, $(0, -2)$, $(2, -3)$, $(3, -8)$, and $(4, -4)$.	How many of the pairs are solutions to the first inequality and not solutions to the second?	3	나열된 순서쌍과 문장 부등식의 일치(m배보다 b 큼/작음), 경계 포함 여부
li.table_verification.compare_scenarios	hard	1	a2b66aac-8448-5d8d-a599-c376a682bd65	li.table_verification.compare_scenarios/first_but_not_second	A pair of inequalities, called the first and the second, is written below. ⏎ $y < -2x$ ⏎ $y < -x - 4$ ⏎ The following pairs are given: $(-2, 2)$, $(-1, -1)$, $(0, -2)$, $(1, -2)$, $(3, -8)$, and $(4, -6)$.	Which count is correct for the pairs that are solutions of the first inequality only?	3	나열된 순서쌍과 문장 부등식의 일치(m배보다 b 큼/작음), 경계 포함 여부
lf.evaluate.chain2	hard	0	5e1ff9bc-9c5b-587d-a8eb-c6b016101699	lf.evaluate.chain2/two_compositions	The rules $h(x) = 2x + 2$ and $k(x) = 5x + 3$ define two functions.	Find $h(k(5)) - k(h(1))$.	35	함수 이름·입력값이 질문의 f(·) 와 일치, 합성 순서(안쪽/바깥쪽)
lf.evaluate.chain2	hard	1	30202d0d-0502-54e8-afef-1ea0e9884b8e	lf.evaluate.chain2/two_compositions	Consider the pair of functions $f(x) = 5x + 1$ and $g(x) = x + 7$.	Find $f(g(2)) - g(f(-4))$.	58	함수 이름·입력값이 질문의 f(·) 와 일치, 합성 순서(안쪽/바깥쪽)
lf.evaluate.compose_kind	hard	0	3ae332e8-778d-5001-aa58-7f52fe128ce3	lf.evaluate.compose_kind/restore_then_evaluate	A linear function g has $g(-2) = -4$ and $g(3) = -24$.	What is $g(9)$?	-48	함수 이름·입력값이 질문의 f(·) 와 일치, 합성 순서(안쪽/바깥쪽)
lf.evaluate.compose_kind	hard	1	78dc48b3-0ca1-5211-abae-1b897b21d6be	lf.evaluate.compose_kind/restore_then_evaluate	A linear function f has $f(-1) = -14$ and $f(1) = -4$.	What is $f(3)$?	6	함수 이름·입력값이 질문의 f(·) 와 일치, 합성 순서(안쪽/바깥쪽)
lf.evaluate.repr_shift	hard	0	08922abf-5a37-5c4c-af03-5a06d1985af0	lf.evaluate.repr_shift/from_intercepts	In the xy-plane, the line $y = g(x)$ meets the x-axis at $(-3, 0)$ and meets the y-axis at $(0, -3)$.	What is $g(3)$?	-6	함수 이름·입력값이 질문의 f(·) 와 일치, 합성 순서(안쪽/바깥쪽)
lf.evaluate.repr_shift	hard	1	2fcf6207-993a-5585-a620-78a12a79bb80	lf.evaluate.repr_shift/from_intercepts	The line that is the graph of f passes through the x-intercept $(4, 0)$ and the y-intercept $(0, -20)$.	If the input is -3, what is the output of f?	-35	함수 이름·입력값이 질문의 f(·) 와 일치, 합성 순서(안쪽/바깥쪽)
lf.evaluate.compare_scenarios	hard	0	7290634a-c5fd-5d84-a171-cf9daeb0266d	lf.evaluate.compare_scenarios/two_shops_difference	Shop A charges 75 dollars for a booking plus 25 dollars for each hour. Shop B charges 25 dollars for a booking plus 4 dollars for each hour.	For 10 hours, what is the difference, in dollars, between Shop A's charge and Shop B's charge?	260	함수 이름·입력값이 질문의 f(·) 와 일치, 합성 순서(안쪽/바깥쪽)
lf.evaluate.compare_scenarios	hard	1	26133c82-1ee7-5f62-a0eb-e7ef4211b0f5	lf.evaluate.compare_scenarios/two_shops_difference	Shop A bills 25 dollars for a deposit and 19 dollars per day. The price at Shop B is 25 dollars for a deposit plus 17 dollars for every day.	For 11 days, what is the difference, in dollars, between Shop A's charge and Shop B's charge?	22	함수 이름·입력값이 질문의 f(·) 와 일치, 합성 순서(안쪽/바깥쪽)
lf.find_x_for_value.inverse	hard	0	e64fc317-66b6-5437-a867-2f3e10a70a62	lf.find_x_for_value.inverse/equal_to_sum_of_values	Let $f(x) = 5x + 10$. For one value of x, the output $f(x)$ equals the sum $f(3) + f(-2)$.	What is that value of x?	3	구하는 대상이 입력(x)인지 출력값인지, 목표값이 문장 조건과 일치
lf.find_x_for_value.inverse	hard	1	7a58699d-ef11-57ba-ab9f-62c23f4c46ed	lf.find_x_for_value.inverse/equal_to_sum_of_values	The function p is defined by $p(x) = 5x - 5$. There is a value of x for which $p(x) = p(-2) + p(3)$.	What is the value of x?	0	구하는 대상이 입력(x)인지 출력값인지, 목표값이 문장 조건과 일치
lf.find_x_for_value.chain2	hard	0	08e31ef3-3dfc-50ae-add0-47912d16186d	lf.find_x_for_value.chain2/composite_equals_target	The functions g and h are defined by $g(x) = 3x + 5$ and $h(x) = x + 1$.	Find x such that $g(h(x)) = 8$.	0	구하는 대상이 입력(x)인지 출력값인지, 목표값이 문장 조건과 일치
lf.find_x_for_value.chain2	hard	1	348d392c-41a2-59da-a420-ca9a925a1079	lf.find_x_for_value.chain2/composite_equals_target	Two linear functions are $g(x) = x + 7$ and $h(x) = 2x - 6$.	Find x such that $g(h(x)) = 3$.	1	구하는 대상이 입력(x)인지 출력값인지, 목표값이 문장 조건과 일치
lf.find_x_for_value.compose_kind	hard	0	0264e5e6-88d8-555b-a17d-d576b72ace6a	lf.find_x_for_value.compose_kind/percent_of_value	The function f is defined by $f(x) = -x + 13$. There is a value of x for which the output is 20 percent less than $f(3)$.	Find x.	5	구하는 대상이 입력(x)인지 출력값인지, 목표값이 문장 조건과 일치
lf.find_x_for_value.compose_kind	hard	1	45916186-20c4-561f-a55a-3ced46dfa93b	lf.find_x_for_value.compose_kind/percent_of_value	Let $h(x) = x + 26$. There is a value of x for which the output is 25 percent more than $h(10)$.	Find x.	19	구하는 대상이 입력(x)인지 출력값인지, 목표값이 문장 조건과 일치
lf.find_x_for_value.constraint_select	hard	0	4b219f9a-7d91-52d5-a5c5-e8df503ebf5b	lf.find_x_for_value.constraint_select/range_with_parity	Let $h(x) = 2x - 1$. Only integers x with $-2 < h(x) < 13$ are considered. The integer x is required to be odd.	How many integer values of x are possible?	3	구하는 대상이 입력(x)인지 출력값인지, 목표값이 문장 조건과 일치
lf.find_x_for_value.constraint_select	hard	1	12dbe1c7-adae-5da4-a6c6-412966606869	lf.find_x_for_value.constraint_select/range_with_parity	Let $f(x) = 2x - 9$. Only integers x with $-23 < f(x) < 20$ are considered. In addition, x must be an even integer.	For how many integers x are all the conditions true?	11	구하는 대상이 입력(x)인지 출력값인지, 목표값이 문장 조건과 일치
lf.slope_from_two_points.inverse	hard	0	ada04443-ebf7-5655-a9a8-734ccc238d7a	lf.slope_from_two_points.inverse/missing_x	Both $(-3, -5)$ and $(a, 13)$ are points of a line that has slope 3.	What is a?	3	두 점의 (x, y) 순서·부호와 기울기 방향, 직선 이름(ℓ, m 등) 일치
lf.slope_from_two_points.inverse	hard	1	ff1fd769-e932-5802-a43e-2d3ab2f59e2c	lf.slope_from_two_points.inverse/missing_y	A line in the xy-plane has a slope of -2 and contains the points $(0, 6)$ and $(2, m)$.	Which value of m makes the statement true?	2	두 점의 (x, y) 순서·부호와 기울기 방향, 직선 이름(ℓ, m 등) 일치
lf.slope_from_two_points.compose_kind	hard	0	243faa02-8e79-5449-a064-10d82ddc55f0	lf.slope_from_two_points.compose_kind/parallel_intercept	Line u contains the points $(2, 0)$ and $(4, -6)$. Another line, v, goes through $(-3, 5)$ and is parallel with line u.	Where does line v meet the y-axis? Give the y-coordinate.	-4	두 점의 (x, y) 순서·부호와 기울기 방향, 직선 이름(ℓ, m 등) 일치
lf.slope_from_two_points.compose_kind	hard	1	58b8cf48-f0e4-5791-aad1-ab67506b48ab	lf.slope_from_two_points.compose_kind/perpendicular_intercept	A line u goes through the points $(-4, -1)$ and $(-2, 3)$. The point $(2, -1)$ lies on line v, which is perpendicular to line u.	Where does line v meet the y-axis? Give the y-coordinate.	0	두 점의 (x, y) 순서·부호와 기울기 방향, 직선 이름(ℓ, m 등) 일치
lf.slope_from_two_points.repr_shift	hard	0	20c29da9-f8f5-5a6d-a69c-3446f2d848a4	lf.slope_from_two_points.repr_shift/intercepts_of_standard_form	Consider the graph of the equation $3x + y = 3$ has P as its x-intercept and Q as its y-intercept.	What is the slope of segment PQ?	-3	두 점의 (x, y) 순서·부호와 기울기 방향, 직선 이름(ℓ, m 등) 일치
lf.slope_from_two_points.repr_shift	hard	1	ab7fd003-eef3-53e2-ab68-cb21852b9877	lf.slope_from_two_points.repr_shift/intercepts_of_standard_form	Consider the graph of the equation $-9x + 3y = -27$ meets the x-axis at P and the y-axis at Q.	What is the slope of segment PQ?	3	두 점의 (x, y) 순서·부호와 기울기 방향, 직선 이름(ℓ, m 등) 일치
lf.slope_from_two_points.compare_scenarios	hard	0	905c4e88-a38e-58db-a860-29f514553894	lf.slope_from_two_points.compare_scenarios/slope_difference	Line ℓ contains the points $(0, 3)$ and $(5, -7)$. Line m passes through $(5, -5)$ and $(8, -20)$.	By how much does the slope of ℓ exceed the slope of m?	3	두 점의 (x, y) 순서·부호와 기울기 방향, 직선 이름(ℓ, m 등) 일치
lf.slope_from_two_points.compare_scenarios	hard	1	40408393-b481-52aa-ad42-64e64648b2ac	lf.slope_from_two_points.compare_scenarios/slope_difference	A line named u is drawn through $(-4, -5)$ and $(-3, -1)$. Two points of line v are $(-3, -4)$ and $(2, 1)$.	The slope of u is how much larger than the slope of v?	3	두 점의 (x, y) 순서·부호와 기울기 방향, 직선 이름(ℓ, m 등) 일치
lf.interpret_slope.unit_ratio	hard	0	e2e8371e-8193-50d9-a7f1-3b0501c678c6	lf.interpret_slope.unit_ratio/rate_in_other_units	A broken valve wastes water. The function $W(t) = 2t + 45$ models the amount of water wasted, in gallons, t minutes after the leak starts.	By how many gallons per day does the amount of wasted water increase?	2880	증가/감소 동사가 기울기 부호와 일치, 단위(시간·양) 환산 방향, 맥락 명사와 수치 대응
lf.interpret_slope.unit_ratio	hard	1	0a8e5a41-3eb1-5cb3-aea1-474d12cdbbb8	lf.interpret_slope.unit_ratio/rate_in_other_units	A calling plan bills each minute of a call. Let $C(t) = 5t + 120$ give the cost of a call, in cents, where t is the number of minutes after the call begins.	The cost increases by how many dollars each hour?	3	증가/감소 동사가 기울기 부호와 일치, 단위(시간·양) 환산 방향, 맥락 명사와 수치 대응
lf.interpret_slope.repr_shift	hard	0	b8a85efa-ff71-52fa-a93d-b8a355e2b634	lf.interpret_slope.repr_shift/rate_from_two_observations	A taxi ride follows a linear pattern. After 4 miles, the fare is 61 dollars, and after 6 miles, it is 67 dollars.	If the pattern continues, by how many dollars does the fare increase in 9 miles?	27	증가/감소 동사가 기울기 부호와 일치, 단위(시간·양) 환산 방향, 맥락 명사와 수치 대응
lf.interpret_slope.repr_shift	hard	1	241bd441-442e-5db4-a290-864e515ef80f	lf.interpret_slope.repr_shift/rate_from_two_observations	A savings account follows a linear pattern. The balance is 68 dollars after 4 weeks and 82 dollars after 6 weeks.	If the pattern continues, by how many dollars does the balance increase in 10 weeks?	70	증가/감소 동사가 기울기 부호와 일치, 단위(시간·양) 환산 방향, 맥락 명사와 수치 대응
lf.interpret_slope.compare_scenarios	hard	0	b3186d65-38e9-5b36-a29f-1ba41c5e4846	lf.interpret_slope.compare_scenarios/difference_of_changes	A and B are two items that are being tracked. The inventory of A is modeled by $A(t) = 8t + 25$, and the inventory of B is modeled by $B(t) = 5t + 39$, in boxes, where t is the number of days.	During 10 days, by how many more boxes does A's inventory change than B's?	30	증가/감소 동사가 기울기 부호와 일치, 단위(시간·양) 환산 방향, 맥락 명사와 수치 대응
lf.interpret_slope.compare_scenarios	hard	1	bbc96218-c423-5650-a949-fe77aada1f36	lf.interpret_slope.compare_scenarios/difference_of_changes	Two items called A and B are observed. The length of A is modeled by $A(t) = 5t + 67$, and the length of B is modeled by $B(t) = 4t + 23$, in centimeters, where t is the number of hours.	How much greater is the change in A's length than the change in B's length over 4 hours?	4	증가/감소 동사가 기울기 부호와 일치, 단위(시간·양) 환산 방향, 맥락 명사와 수치 대응
lf.interpret_slope.chain2	hard	0	4cc054ac-d286-55a1-a1bd-360c979f47c2	lf.interpret_slope.chain2/slope_relation_then_value	Consider the linear function $f(x) = -3x + 5$. The slope of the graph of a linear function g is twice the opposite of the slope of the graph of f; the graph of g goes through $(5, 0)$.	Evaluate $g(7)$.	12	증가/감소 동사가 기울기 부호와 일치, 단위(시간·양) 환산 방향, 맥락 명사와 수치 대응
lf.interpret_slope.chain2	hard	1	6b9f0c8f-d07c-5e7f-a425-68600d8b7c83	lf.interpret_slope.chain2/slope_relation_then_value	A linear function r is given by $r(x) = -4x - 5$. The point $(5, 3)$ is on the graph of the linear function s, whose slope is twice the opposite of the slope of r.	What is $s(-5)$?	-77	증가/감소 동사가 기울기 부호와 일치, 단위(시간·양) 환산 방향, 맥락 명사와 수치 대응
lf.interpret_intercept.unit_ratio	hard	0	f9697d7f-d7f7-523b-a250-3c9fc7e8a9a9	lf.interpret_intercept.unit_ratio/starting_value_other_units	A jar collects coins. With t measured in days after the first count, the amount collected (in dollars) is modeled by $B(t) = 7t + 9$.	In cents, how much had been collected at the first count?	900	'시작값(t=0)'이 질문의 시점과 일치, 단위 환산, 증가/감소 방향 역산
lf.interpret_intercept.unit_ratio	hard	1	9351a47a-34a0-5bb2-ab37-c6fcc2cbc96f	lf.interpret_intercept.unit_ratio/starting_value_other_units	A student studies for a test. The function $P(t) = 2t + 8$ models the total study time, in hours, t days after the study plan starts.	How many minutes of studying had been recorded when the plan started?	480	'시작값(t=0)'이 질문의 시점과 일치, 단위 환산, 증가/감소 방향 역산
lf.interpret_intercept.repr_shift	hard	0	53517096-c393-52b6-a387-db47fd9cad65	lf.interpret_intercept.repr_shift/extrapolate_to_start	A savings account follows a linear pattern. After 4 weeks, the balance is 101 dollars, and after 7 weeks, it is 119 dollars.	At the start, with 0 weeks elapsed, what was the balance, in dollars?	77	'시작값(t=0)'이 질문의 시점과 일치, 단위 환산, 증가/감소 방향 역산
lf.interpret_intercept.repr_shift	hard	1	7459fddd-f787-54fd-a29d-12c0cd9b4578	lf.interpret_intercept.repr_shift/extrapolate_to_start	A warehouse follows a linear pattern. Records show 83 boxes after 5 days, then 99 boxes after 7 days.	At the start, with 0 days elapsed, what was the inventory, in boxes?	43	'시작값(t=0)'이 질문의 시점과 일치, 단위 환산, 증가/감소 방향 역산
lf.interpret_intercept.inverse	hard	0	87efeab1-9c2d-5f06-a999-39a979c0a146	lf.interpret_intercept.inverse/work_backward_to_start	A phone changes at a constant rate. It fills 6 more gigabytes each week. The storage in use is 106 gigabytes after 10 weeks.	At the start, what was the storage in use, in gigabytes?	46	대응표: each week=6 / '시작값(t=0)'이 질문의 시점과 일치, 단위 환산, 증가/감소 방향 역산
lf.interpret_intercept.inverse	hard	1	ed5d1a6a-c8ea-5892-ac8d-cd2ffb2e6c96	lf.interpret_intercept.inverse/work_backward_to_start	A candle follows a steady linear trend. It gets 4 centimeters shorter each hour. After 6 hours, the length is 53 centimeters.	What was the initial length, in centimeters?	77	대응표: each hour=4 / '시작값(t=0)'이 질문의 시점과 일치, 단위 환산, 증가/감소 방향 역산
lf.interpret_intercept.compare_scenarios	hard	0	7e493fab-231a-5379-ae21-db905b66d26b	lf.interpret_intercept.compare_scenarios/equation_vs_table_start	The collection of two items, A and B, is tracked. For A, the collection is modeled by $A(t) = 9t + 38$, where t is in months. For B, the collection is 33 books after 4 months and 54 books after 7 months, and B also changes at a constant rate.	At the start, how many more books does A have than B?	33	'시작값(t=0)'이 질문의 시점과 일치, 단위 환산, 증가/감소 방향 역산
lf.interpret_intercept.compare_scenarios	hard	1	a48b3b40-7a04-5b85-a58b-1d6d1aace3e2	lf.interpret_intercept.compare_scenarios/equation_vs_table_start	Two items, A and B, are tracked. The model for A is $A(t) = 3t + 82$, with t measured in minutes. For B, the volume of water is 51 liters after 4 minutes and 69 liters after 7 minutes, and B also changes at a constant rate.	How many more liters was A's starting volume of water than B's starting volume of water?	55	'시작값(t=0)'이 질문의 시점과 일치, 단위 환산, 증가/감소 방향 역산
l2.intersection_x.compose_kind	hard	0	e60fce73-a6e0-588f-a450-223646f72e02	l2.intersection_x.compose_kind/point_slope_then_intersect	Line j goes through $(2, -10)$ and has a slope of 2. Another line, k, satisfies $y = -x - 2$.	What is the x-coordinate of the intersection of j and k?	4	묻는 것이 x 좌표인지 y 좌표인지, 직선 이름·식의 y 절편 부호
l2.intersection_x.compose_kind	hard	1	b4eb0b7e-20e5-5b36-a07a-66b68b141952	l2.intersection_x.compose_kind/point_slope_then_intersect	Line ℓ has slope -4 and passes through the point $(4, 5)$. Line m is the graph of $y = 2x + 3$.	What is the x-coordinate of the point where the two lines intersect?	3	묻는 것이 x 좌표인지 y 좌표인지, 직선 이름·식의 y 절편 부호
l2.intersection_x.inverse	hard	0	6f83db20-6b1e-5f27-a4fe-544c63c90726	l2.intersection_x.inverse/unknown_constant_from_x	In the system of equations below, c is a constant. The graphs of the two equations meet at a point whose x-coordinate is -6. ⏎ $y = -3x - 6$ ⏎ $y = 2x + c$	Find c.	24	묻는 것이 x 좌표인지 y 좌표인지, 직선 이름·식의 y 절편 부호
l2.intersection_x.inverse	hard	1	3532eee7-0c65-5b2b-a607-3b93b59265cc	l2.intersection_x.inverse/unknown_constant_from_x	Let c be a constant in the system below. It is known that the system has a solution with x-coordinate 6. ⏎ $y = -5x$ ⏎ $y = 3x + c$	What is the value of c?	-48	묻는 것이 x 좌표인지 y 좌표인지, 직선 이름·식의 y 절편 부호
l2.intersection_x.compare_scenarios	hard	0	81f7d140-6c98-582b-a4df-6359116ce62b	l2.intersection_x.compare_scenarios/equal_cost_point	The price at Company A is 65 dollars for a deposit plus 10 dollars for every day. Company B bills 83 dollars for a deposit and 4 dollars per day. A customer wants to know when the two companies charge the same amount.	The two cost lines intersect at what number of days?	3	묻는 것이 x 좌표인지 y 좌표인지, 직선 이름·식의 y 절편 부호
l2.intersection_x.compare_scenarios	hard	1	a62eb08c-24a1-5e12-ac5f-594b01347c40	l2.intersection_x.compare_scenarios/equal_cost_point	The price at Company A is 35 dollars for a house call plus 9 dollars for every hour. Company B bills 92 dollars for a house call and 6 dollars per hour. A customer compares the two companies.	The two cost lines intersect at what number of hours?	19	묻는 것이 x 좌표인지 y 좌표인지, 직선 이름·식의 y 절편 부호
l2.intersection_x.repr_shift	hard	0	bddd23b1-cc41-5c96-a2ef-341e2fe0604e	l2.intersection_x.repr_shift/lines_from_tables	The values of two linear functions are recorded below. Line A passes through $(1, 0)$ and $(3, -6)$. For line B, when x = 0, y = -39, and when x = 3, y = -30.	The lines intersect at the point $(x, y)$. What is x?	7	묻는 것이 x 좌표인지 y 좌표인지, 직선 이름·식의 y 절편 부호
l2.intersection_x.repr_shift	hard	1	98911880-6907-5a0f-a4e2-85a8f08a343c	l2.intersection_x.repr_shift/lines_from_tables	Two linear relationships are recorded in two tables. For line A, when x = 3, y = 27, and when x = 5, y = 39. Line B passes through $(2, 15)$ and $(5, 27)$.	At what x-value do line A and line B intersect?	-1	묻는 것이 x 좌표인지 y 좌표인지, 직선 이름·식의 y 절편 부호
l2.intersection_y.chain2	hard	0	833007bd-a9e1-5eaf-ad3f-9de7e152b415	l2.intersection_y.chain2/third_line_at_intersection_x	The graphs of A and B are the lines with the equations below. ⏎ $A: y = -3x - 7$ ⏎ $B: y = 2x - 32$ ⏎ Line C is the graph of $y = -5x + 9$. The point on C with the same x-coordinate as the point where A and B meet is marked.	Find the y-coordinate of the marked point on line C.	-16	묻는 것이 y 좌표인지, 셋째 직선에 넣는 값이 교점의 x 인지
l2.intersection_y.chain2	hard	1	5bcbca2f-b6de-5542-a996-7888b015b4c7	l2.intersection_y.chain2/third_line_at_intersection_x	Line A and line B are described by the following equations. ⏎ $A: y = 3x + 5$ ⏎ $B: y = -3x + 29$ ⏎ Line C is given by $y = 3x - 7$. A point on line C has the same x-coordinate as the intersection of A and B.	What is the y-coordinate of that point on line C?	5	묻는 것이 y 좌표인지, 셋째 직선에 넣는 값이 교점의 x 인지
l2.intersection_y.inverse	hard	0	bf2b331a-ffcb-5de9-a4c6-7ce8e2a5639a	l2.intersection_y.inverse/unknown_constant_from_y	The system below has a constant p. The y-coordinate of the solution is 11. ⏎ $y = 4x - 9$ ⏎ $y = -4x + p$	What must p equal?	31	묻는 것이 y 좌표인지, 셋째 직선에 넣는 값이 교점의 x 인지
l2.intersection_y.inverse	hard	1	5c3facb1-0799-53ea-a4fd-88ef6fd0b3bf	l2.intersection_y.inverse/unknown_constant_from_y	Consider the system below, where p is a constant. It is known that the solution has y-coordinate 33. ⏎ $y = 4x + 9$ ⏎ $y = 2x + p$	What must p equal?	21	묻는 것이 y 좌표인지, 셋째 직선에 넣는 값이 교점의 x 인지
l2.intersection_y.constraint_select	hard	0	dcc15112-3798-56d1-af06-94d62ac2b3ac	l2.intersection_y.constraint_select/integer_solutions_sum_of_y	In the system below, k is a positive integer with k ≤ 12. Consider the values of k for which the solution has integer coordinates. ⏎ $y = kx + 2$ ⏎ $y = -x + 17$	Adding the y-coordinates of the solutions for all such values of k gives what sum?	26	묻는 것이 y 좌표인지, 셋째 직선에 넣는 값이 교점의 x 인지
l2.intersection_y.constraint_select	hard	1	ca71435a-9459-5a72-a344-9e3048906c9e	l2.intersection_y.constraint_select/integer_solutions_sum_of_y	Let k be a positive whole number no larger than 12 in the system below. Only some values of k give a solution whose coordinates are both integers. ⏎ $y = kx - 1$ ⏎ $y = -x + 5$	What is the sum of y over all of these solutions?	9	묻는 것이 y 좌표인지, 셋째 직선에 넣는 값이 교점의 x 인지
l2.intersection_y.compose_kind	hard	0	1fab1cf4-c961-51dd-abbb-e83f01d1b766	l2.intersection_y.compose_kind/two_points_then_intersect_y	A line ℓ is drawn through $(3, -1)$ and $(7, 3)$. Line m is given by $y = 3x - 2$.	At the intersection of ℓ and m, what is the y-coordinate?	-5	묻는 것이 y 좌표인지, 셋째 직선에 넣는 값이 교점의 x 인지
l2.intersection_y.compose_kind	hard	1	67c2b1bc-4a11-5038-a9ce-9030f637106a	l2.intersection_y.compose_kind/two_points_then_intersect_y	Two points on line ℓ are $(-2, -36)$ and $(1, -27)$. Line m is the graph of $y = -4x + 5$.	The lines intersect at the point $(x, y)$. What is y?	-15	묻는 것이 y 좌표인지, 셋째 직선에 넣는 값이 교점의 x 인지
l2.intersection_sum.param_condition	hard	0	8fd9b649-01b6-5304-a572-fb41dbe7b914	l2.intersection_sum.param_condition/solution_on_y_equals_x	In the system below, p is a constant. The solution $(x, y)$ of the system lies on the line $y = x$. ⏎ $y = -2x + 12$ ⏎ $y = px + 8$	Find p.	-1	묻는 값이 x + y(합)인지, 미지 상수가 어느 식에 있는지
l2.intersection_sum.param_condition	hard	1	868486d3-66b9-5d57-ae4d-729cf5c6c271	l2.intersection_sum.param_condition/solution_on_y_equals_x	Let c be a constant in the system below. The solution $(x, y)$ of the system lies on the line $y = x$. ⏎ $y = -3x + 16$ ⏎ $y = cx - 4$	What is the value of c?	2	묻는 값이 x + y(합)인지, 미지 상수가 어느 식에 있는지
l2.intersection_sum.inverse	hard	0	130f1679-4116-51e4-aa54-9ea2aafeee38	l2.intersection_sum.inverse/unknown_constant_from_coordinate_sum	The system below has a constant p. For the solution $(x, y)$, $x + y = -24$. ⏎ $y = 3x - 8$ ⏎ $y = 5x + p$	What must p equal?	0	묻는 값이 x + y(합)인지, 미지 상수가 어느 식에 있는지
l2.intersection_sum.inverse	hard	1	3a325b2e-997b-5110-a8fd-0c3648b8b823	l2.intersection_sum.inverse/unknown_constant_from_coordinate_sum	The system below has a constant k. For the solution $(x, y)$, $x + y = -10$. ⏎ $y = 2x + 5$ ⏎ $y = 5x + k$	What is the value of k?	20	묻는 값이 x + y(합)인지, 미지 상수가 어느 식에 있는지
l2.intersection_sum.compose_kind	hard	0	c57bf867-22d8-5d87-a17c-e2b05be189e8	l2.intersection_sum.compose_kind/symmetric_system_sum	Look at the following system of equations. ⏎ $3x + y = 0$ ⏎ $x + 3y = -8$	What is the sum of the two coordinates of the solution?	-2	묻는 값이 x + y(합)인지, 미지 상수가 어느 식에 있는지
l2.intersection_sum.compose_kind	hard	1	6286041c-cfa4-5419-a466-0b775555d12b	l2.intersection_sum.compose_kind/symmetric_system_sum	The following two equations are to be solved together. ⏎ $4x + 3y = 36$ ⏎ $3x + 4y = 27$	What is the sum of the two coordinates of the solution?	9	묻는 값이 x + y(합)인지, 미지 상수가 어느 식에 있는지
l2.intersection_sum.constraint_select	hard	0	7082cf2f-a9e8-5f92-a9dd-4c5b5916637d	l2.intersection_sum.constraint_select/integer_solutions_sum_of_coordinates	In the system below, k is an integer with 1 ≤ k ≤ 11. Only some values of k give a solution whose coordinates are both integers. ⏎ $y = kx - 6$ ⏎ $y = -3x + 6$	What is the total of $x + y$ over all values of k that give integer solutions?	6	묻는 값이 x + y(합)인지, 미지 상수가 어느 식에 있는지
l2.intersection_sum.constraint_select	hard	1	e5fb94a7-31d8-5e6a-aaaf-71cae1a955ce	l2.intersection_sum.constraint_select/integer_solutions_sum_of_coordinates	In the system below, k is an integer with 1 ≤ k ≤ 11. For some values of k, the solution $(x, y)$ has integer coordinates. ⏎ $y = kx + 1$ ⏎ $y = -2x + 17$	For each such value of k, find $x + y$. What is the sum of all these values?	28	묻는 값이 x + y(합)인지, 미지 상수가 어느 식에 있는지
l2.slope.chain2	hard	0	fcea9413-b805-5f01-acbf-986fd8b8c854	l2.slope.chain2/slope_through_intersection	Consider lines A and B with the equations below. ⏎ $A: y = 4x - 4$ ⏎ $B: y = 2x - 8$ ⏎ A third line, C, goes through $(2, 12)$ and through the point where lines A and B cross.	What slope does line C have?	6	기울기/절편 구분, 표준형 계수 부호와 기울기 −a/b 부호
l2.slope.chain2	hard	1	d926d026-b0da-56d2-a453-910cda2b9664	l2.slope.chain2/slope_through_intersection	The equations of two lines, A and B, are below. ⏎ $A: y = x - 6$ ⏎ $B: y = -x + 6$ ⏎ Line C is drawn through $(7, 6)$ and the intersection point of A and B.	What slope does line C have?	6	기울기/절편 구분, 표준형 계수 부호와 기울기 −a/b 부호
l2.slope.inverse	hard	0	6b6ab6bf-8b6b-5fe1-a7fc-f724a2a51435	l2.slope.inverse/perpendicular_condition_for_coefficient	Consider two lines in the xy-plane. The graph of $y = 4x - 6$ is perpendicular to the graph of $cx - 8y = -6$, where c is a constant.	What is the value of c?	-2	기울기/절편 구분, 표준형 계수 부호와 기울기 −a/b 부호
l2.slope.inverse	hard	1	33cae1c1-c852-5705-ab4b-d62f913c8149	l2.slope.inverse/perpendicular_condition_for_coefficient	In the coordinate plane, line 1 is $y = -3x + 4$ and line 2 is $px - 3y = 11$; the two lines are perpendicular, and p is a constant.	Find p.	1	기울기/절편 구분, 표준형 계수 부호와 기울기 −a/b 부호
l2.slope.compose_kind	hard	0	85d41a73-52bb-5f8b-a8f0-8b1ed97949a5	l2.slope.compose_kind/slope_from_origin_to_intersection	Look at the following system of equations. ⏎ $y = 4x - 8$ ⏎ $y = 5x - 9$ ⏎ Point P is the intersection of the two lines. Point O is the origin $(0, 0)$.	Find the slope of the line passing through the origin and P.	-4	기울기/절편 구분, 표준형 계수 부호와 기울기 −a/b 부호
l2.slope.compose_kind	hard	2	65b4addf-e15a-5a42-aef6-91e3c8c5c071	l2.slope.compose_kind/slope_from_origin_to_intersection	The following two equations are to be solved together. ⏎ $y = 4x - 30$ ⏎ $y = -3x + 12$ ⏎ The two lines intersect at the point P, and O is the origin.	How steep is the segment from O to P? Give its slope.	-1	기울기/절편 구분, 표준형 계수 부호와 기울기 −a/b 부호
l2.slope.repr_shift	hard	0	308b3083-24e6-563f-a3d8-f8b417df58c0	l2.slope.repr_shift/exchange_rate_from_budget	Exactly 40 dollars are spent on notebooks and pens. The price of one notebook is 4 dollars, and the price of one pen is 2 dollars. Let x be the number of notebooks and y be the number of pens.	The graph of this relationship in the xy-plane is a line. For each additional notebook, how many fewer pens are bought?	2	기울기/절편 구분, 표준형 계수 부호와 기울기 −a/b 부호
l2.slope.repr_shift	hard	1	fee303cd-1713-5895-ae6f-a5e02292c21f	l2.slope.repr_shift/exchange_rate_from_budget	Exactly 96 dollars are spent on pizzas and drinks. A pizza costs 12 dollars, and a drink costs 3 dollars. Let x be the number of pizzas and y be the number of drinks.	On the line representing all possible purchases, y decreases by how many for each increase of 1 in x?	4	기울기/절편 구분, 표준형 계수 부호와 기울기 −a/b 부호
l2.intercept.inverse	hard	0	1e4fe095-4485-5b0c-ad1d-c757fb384e51	l2.intercept.inverse/y_intercept_from_x_intercept	The graph of line n, whose slope is -5, touches the x-axis at $(-7, 0)$.	What is the value of y when x = 0 on line n?	-35	x 절편/y 절편 구분, 단위·물건 이름(가격-명사)과 수치 대응
l2.intercept.inverse	hard	1	6b8599bf-dccf-506b-a374-4977f3f7c830	l2.intercept.inverse/y_intercept_from_x_intercept	The slope of line m is 6, and its x-intercept is $(4, 0)$.	Where does line m meet the y-axis? Give the y-coordinate.	-24	x 절편/y 절편 구분, 단위·물건 이름(가격-명사)과 수치 대응
l2.intercept.chain2	hard	0	767534a1-17fb-585f-a719-90267f7baa47	l2.intercept.chain2/line_through_intersection_intercept	Consider lines A and B with the equations below. ⏎ $A: y = 3x + 6$ ⏎ $B: y = -x + 22$ ⏎ Line C with slope -2 contains the point at which lines A and B cross.	What is the y-intercept of line C?	26	x 절편/y 절편 구분, 단위·물건 이름(가격-명사)과 수치 대응
l2.intercept.chain2	hard	1	effe3cd9-9b01-5c7d-a506-567ee9409772	l2.intercept.chain2/line_through_intersection_intercept	Two lines, A and B, have the equations below. ⏎ $A: y = -4x + 4$ ⏎ $B: y = -x + 19$ ⏎ Line C has slope -1 and passes through the point where A and B intersect.	Line C crosses the y-axis at $(0, y)$. What is y?	19	x 절편/y 절편 구분, 단위·물건 이름(가격-명사)과 수치 대응
l2.intercept.repr_shift	hard	0	2e7fdaa0-2a0c-5a74-a11f-1c08d543265e	l2.intercept.repr_shift/intercept_meaning_from_budget	A club uses its whole budget of 112 dollars to buy tickets and snacks. The price of one ticket is 7 dollars, and the price of one snack is 8 dollars. The number of tickets is x and the number of snacks is y; the graph of this relationship is a line.	How many snacks can be bought if no tickets are bought?	14	x 절편/y 절편 구분, 단위·물건 이름(가격-명사)과 수치 대응
l2.intercept.repr_shift	hard	1	8b7054a8-1182-5ecf-adc2-7b6326399305	l2.intercept.repr_shift/intercept_meaning_from_budget	Exactly 63 dollars are spent on notebooks and pens. The price of one notebook is 3 dollars, and the price of one pen is 9 dollars. The number of notebooks is x and the number of pens is y; the graph of this relationship is a line.	If the club buys no notebooks at all, how many pens does it buy?	7	x 절편/y 절편 구분, 단위·물건 이름(가격-명사)과 수치 대응
l2.intercept.compare_scenarios	hard	0	330c206f-9727-5f15-a9cb-10bdb37eafd2	l2.intercept.compare_scenarios/intercepts_of_two_forms	The equations of lines A and B are listed below. ⏎ $A: y = 2x + 12$ ⏎ $B: -6x + 6y = 18$	Subtract the y-intercept of B from the y-intercept of A. What is the result?	9	x 절편/y 절편 구분, 단위·물건 이름(가격-명사)과 수치 대응
l2.intercept.compare_scenarios	hard	1	93e2af12-dd61-55a3-ab18-c19263c419fc	l2.intercept.compare_scenarios/intercepts_of_two_forms	Consider the two lines A and B below, which are written in different forms. ⏎ $A: y = -5x + 21$ ⏎ $B: -4x + 4y = 12$	What is the y-intercept of line A minus the y-intercept of line B?	18	x 절편/y 절편 구분, 단위·물건 이름(가격-명사)과 수치 대응
l2.num_solutions.param_condition	hard	0	f020adf0-ae9c-5193-ab87-fb00b94aa260	l2.num_solutions.param_condition/no_solution_condition	The system below has a constant p. ⏎ $y = 3x - 6$ ⏎ $px + 2y = -17$ ⏎ The system has no solution.	What is the value of p?	-6	'해 없음/무수히 많음/오직 하나' 문구와 조건 일치, 미지 상수 문자가 수식에 있는지
l2.num_solutions.param_condition	hard	2	33651979-9bd0-584d-a011-5913d62458d0	l2.num_solutions.param_condition/infinitely_many_condition	The system below has a constant p. ⏎ $y = 2x + 5$ ⏎ $px + 5y = 25$ ⏎ The graphs of the two equations are the same line.	What must p equal?	-10	'해 없음/무수히 많음/오직 하나' 문구와 조건 일치, 미지 상수 문자가 수식에 있는지
l2.num_solutions.inverse	hard	0	0325b8c1-d11d-5d4f-aa0d-984919d6e5f3	l2.num_solutions.inverse/infinitely_many_two_unknowns	Two constants, r and s, appear in the system below. ⏎ $-5x + sy = -4$ ⏎ $rx - 8y = -16$ ⏎ The system has infinitely many solutions.	What is the sum of r and s?	-22	'해 없음/무수히 많음/오직 하나' 문구와 조건 일치, 미지 상수 문자가 수식에 있는지
l2.num_solutions.inverse	hard	1	5f512196-1a44-59e0-a230-93f8e424a3b8	l2.num_solutions.inverse/infinitely_many_two_unknowns	Consider the system below, where c and d are constants. ⏎ $2x + dy = -3$ ⏎ $cx + 9y = -9$ ⏎ There are infinitely many ordered pairs that satisfy both equations.	What is the sum of c and d?	9	'해 없음/무수히 많음/오직 하나' 문구와 조건 일치, 미지 상수 문자가 수식에 있는지
l2.num_solutions.constraint_select	hard	0	528aacbf-6dd6-5998-a4ba-3090fe358eda	l2.num_solutions.constraint_select/unique_solution_count	In the system below, t is an integer with -4 ≤ t ≤ 4. The number of solutions of the system depends on the value chosen. ⏎ $tx + 2y = 2$ ⏎ $2x + ty = 6$	How many choices of t make the graphs cross at a single point?	7	'해 없음/무수히 많음/오직 하나' 문구와 조건 일치, 미지 상수 문자가 수식에 있는지
l2.num_solutions.constraint_select	hard	1	77a740e6-ebea-529c-a479-139fafa9ce4c	l2.num_solutions.constraint_select/unique_solution_count	In the system below, m is an integer with -4 ≤ m ≤ 4. Depending on the integer, the number of solutions can differ. ⏎ $3x + my = 4$ ⏎ $mx + 3y = -11$	For how many integers m is there exactly one ordered pair that satisfies both equations?	7	'해 없음/무수히 많음/오직 하나' 문구와 조건 일치, 미지 상수 문자가 수식에 있는지
l2.num_solutions.compose_kind	hard	0	d3f1f7dd-bc1e-5dc0-ae74-a5e1e4589e71	l2.num_solutions.compose_kind/positive_integer_solutions_count	Ordered pairs $(m, n)$ are considered for the equation below. ⏎ $2m + 3n = 44$	Among positive integers, how many ordered pairs $(m, n)$ solve the equation?	7	'해 없음/무수히 많음/오직 하나' 문구와 조건 일치, 미지 상수 문자가 수식에 있는지
l2.num_solutions.compose_kind	hard	1	ee01afdb-b796-594f-a71c-15713de05f0f	l2.num_solutions.compose_kind/positive_integer_solutions_count	A student looks for whole-number solutions of the equation below. ⏎ $3m + 8n = 74$	How many ordered pairs $(m, n)$ of positive integers satisfy the equation?	3	'해 없음/무수히 많음/오직 하나' 문구와 조건 일치, 미지 상수 문자가 수식에 있는지
sl.substitution_solve.inverse	hard	0	f23673c3-9229-5814-a5d0-130b1636d1d5	sl.substitution_solve.inverse/unknown_constant_by_substitution	Consider the system below, where k is a constant. One coordinate of the solution is known: $x = 5$. ⏎ $y = 2x + 6$ ⏎ $kx + y = 41$	What value of k gives this solution?	5	대입 대상 변수와 질문 변수 일치, 문장 관계(몇 배보다 몇 큼)의 방향
sl.substitution_solve.inverse	hard	1	737afd56-218e-57d4-afa3-59fd09931410	sl.substitution_solve.inverse/unknown_constant_by_substitution	In the system below, c is a constant. The x-coordinate of the solution to the system is 2. ⏎ $y = 5x + 5$ ⏎ $cx - 2y = -20$	What is the value of c?	5	대입 대상 변수와 질문 변수 일치, 문장 관계(몇 배보다 몇 큼)의 방향
sl.substitution_solve.compose_kind	hard	0	4456cf8d-19aa-5a48-a58e-b10851af6ab6	sl.substitution_solve.compose_kind/length_width_perimeter_area	A poster is a rectangle with length x inches and width y inches. Its length exceeds its width by 5 inches. The distance around the poster is 30 inches.	What is the area, in square inches, of the poster?	50	대입 대상 변수와 질문 변수 일치, 문장 관계(몇 배보다 몇 큼)의 방향
sl.substitution_solve.compose_kind	hard	1	27961a49-82ea-5370-aad5-8d5c186c43a3	sl.substitution_solve.compose_kind/length_width_perimeter_area	A rectangular tabletop has a length of x centimeters and a width of y centimeters. The width is 2 centimeters less than the length. The perimeter is 20 centimeters.	What is the area, in square centimeters, of the tabletop?	24	대입 대상 변수와 질문 변수 일치, 문장 관계(몇 배보다 몇 큼)의 방향
sl.substitution_solve.repr_shift	hard	0	cc7682a3-4cec-5b8e-a0bb-7112e170c613	sl.substitution_solve.repr_shift/sum_and_multiple_relation	Two numbers add up to 29. If the smaller number is multiplied by 5, adding 5 gives the larger number.	What is the larger number?	25	대입 대상 변수와 질문 변수 일치, 문장 관계(몇 배보다 몇 큼)의 방향
sl.substitution_solve.repr_shift	hard	1	80e2726c-9159-5109-a10e-fbbb2bea28de	sl.substitution_solve.repr_shift/sum_and_multiple_relation	A pair of numbers has a sum of 73. One number exceeds five times the other by 1.	Find the greater number.	61	대입 대상 변수와 질문 변수 일치, 문장 관계(몇 배보다 몇 큼)의 방향
sl.substitution_solve.chain2	hard	0	82097435-51b5-51a6-a633-9a4ea9dee0d3	sl.substitution_solve.chain2/three_variable_chain	Look at the three equations below, which involve u, v, and w. ⏎ $u + v + w = 63$ ⏎ $v = u + 5$ ⏎ $w = 2v$	What is w?	34	대입 대상 변수와 질문 변수 일치, 문장 관계(몇 배보다 몇 큼)의 방향
sl.substitution_solve.chain2	hard	1	5f096a52-0c07-56df-aeb3-8159b8034135	sl.substitution_solve.chain2/three_variable_chain	Look at the three equations below, which involve u, v, and w. ⏎ $u + v + w = 70$ ⏎ $w = 5v$ ⏎ $v = u + 7$	Find w.	55	대입 대상 변수와 질문 변수 일치, 문장 관계(몇 배보다 몇 큼)의 방향
sl.elimination_value.inverse	hard	0	3037cd6d-a8c2-52c0-afec-4563993e7223	sl.elimination_value.inverse/unknown_coefficient_by_elimination	Consider the system below, where k is a constant. The x-coordinate of the solution to the system is 3. ⏎ $-5x - 5y = -35$ ⏎ $kx + 2y = 17$	Find k.	3	묻는 값(x/y/식의 값/k 합)과 정답 대응, 소거할 변수
sl.elimination_value.inverse	hard	1	e2b118ec-72c6-5868-aaa0-d4e0806ecf2d	sl.elimination_value.inverse/unknown_coefficient_by_elimination	The system below has a constant p. The solution $(x, y)$ of the system has $x = 1$. ⏎ $4x - 5y = -1$ ⏎ $px + 5y = 3$	What value of p gives this solution?	-2	묻는 값(x/y/식의 값/k 합)과 정답 대응, 소거할 변수
sl.elimination_value.chain2	hard	0	e691420d-736d-5d35-ac98-8a0c64e9864c	sl.elimination_value.chain2/eliminate_then_evaluate_expression	Consider the system of equations below. ⏎ $4x - 3y = 10$ ⏎ $-4x - 4y = -24$ ⏎ The solution of the system is $(x, y)$.	What is the value of $-2x + 3y$?	-2	묻는 값(x/y/식의 값/k 합)과 정답 대응, 소거할 변수
sl.elimination_value.chain2	hard	1	58f3cc7d-3782-5ae1-a971-4d7a55229bc9	sl.elimination_value.chain2/eliminate_then_evaluate_expression	A system of two linear equations is given below. ⏎ $-2x + 5y = 3$ ⏎ $x + 3y = 15$ ⏎ The solution of the system is $(x, y)$.	What does $2x + 2y$ equal?	18	묻는 값(x/y/식의 값/k 합)과 정답 대응, 소거할 변수
sl.elimination_value.constraint_select	hard	0	fa536ed8-08c2-5e0f-af59-0ef29e2d27e0	sl.elimination_value.constraint_select/positive_integer_solutions_sum_of_k	In the system below, k is an integer with 1 ≤ k ≤ 12. A value of k is called good when the solution consists of two positive integers. ⏎ $kx - y = 18$ ⏎ $x + y = 22$	What do all the possible values of k add up to?	24	묻는 값(x/y/식의 값/k 합)과 정답 대응, 소거할 변수
sl.elimination_value.constraint_select	hard	1	6aba6c6d-fa76-5b89-a521-61fd3117a030	sl.elimination_value.constraint_select/positive_integer_solutions_sum_of_k	For the system below, c is a whole number from 1 to 9. Consider the values of c for which x and y are both positive integers. ⏎ $cx - y = -5$ ⏎ $x + y = 20$	What do all the possible values of c add up to?	6	묻는 값(x/y/식의 값/k 합)과 정답 대응, 소거할 변수
sl.elimination_value.compare_scenarios	hard	0	c0f37466-b7cf-5b46-ae49-8dd19b7fa82d	sl.elimination_value.compare_scenarios/difference_of_two_solutions	Consider the two systems described below. The equations of system A are $m + n = 6$ and $m - n = -2$. System B consists of the equations $m + n = 5$ and $m - n = -3$.	By how much does the m-value in the solution of A exceed the m-value in the solution of B?	1	묻는 값(x/y/식의 값/k 합)과 정답 대응, 소거할 변수
sl.elimination_value.compare_scenarios	hard	1	58eea4c0-3694-58df-a013-c5ec236261c5	sl.elimination_value.compare_scenarios/difference_of_two_solutions	System A and system B are described below. System A consists of the equations $p + q = 9$ and $p - q = 9$. System B consists of the equations $p + q = 6$ and $p - q = -12$.	The p-value of A's solution is how much larger than that of B's?	12	묻는 값(x/y/식의 값/k 합)과 정답 대응, 소거할 변수
sl.param_no_solution.param_condition	hard	0	8f56f8c2-3f10-52b1-a5d5-003212489a03	sl.param_no_solution.param_condition/parallel_quadratic_in_k	Let t be a positive constant in the system below. ⏎ $tx + 2y = -4$ ⏎ $6x + (t + 4)y = 8$ ⏎ The graphs of the two equations never intersect.	What is the value of t?	2	'해 없음' 문구와 평행 조건, 양수/정수 제약 문구
sl.param_no_solution.param_condition	hard	2	0c3936d3-2f0c-5e8c-a54f-bee53062c3a8	sl.param_no_solution.param_condition/parallel_quadratic_in_k	Let k be a positive constant in the system below. ⏎ $kx + 3y = 3$ ⏎ $6x + (k + 3)y = -9$ ⏎ The system has no solution.	What positive value of k makes this true?	3	'해 없음' 문구와 평행 조건, 양수/정수 제약 문구
sl.param_no_solution.inverse	hard	0	4dde2808-bf41-56f8-a7fa-a23f5ad73119	sl.param_no_solution.inverse/infinitely_many_proportional	Let a and b be constants in the system below. ⏎ $-4x - y = 5$ ⏎ $ax + 2y = b$ ⏎ The system has infinitely many solutions.	Find a + b.	-2	'해 없음' 문구와 평행 조건, 양수/정수 제약 문구
sl.param_no_solution.inverse	hard	1	683adf96-a310-50de-a448-cdd16226771f	sl.param_no_solution.inverse/infinitely_many_proportional	The system below contains the constants k and m. ⏎ $5x + 2y = 5$ ⏎ $kx + 6y = m$ ⏎ The system has infinitely many solutions.	What is the value of k + m?	30	'해 없음' 문구와 평행 조건, 양수/정수 제약 문구
sl.param_no_solution.constraint_select	hard	0	c967a980-09a3-5cef-a456-fd7de13ae12b	sl.param_no_solution.constraint_select/no_solution_vs_infinite_candidates	The constant k in the system below is a whole number between -11 and 11, inclusive. A few values make the lines parallel, which must be examined carefully. ⏎ $kx + 3y = -12$ ⏎ $12x + ky = -24$	The system has no solution for certain values of k. What is their sum?	-6	'해 없음' 문구와 평행 조건, 양수/정수 제약 문구
sl.param_no_solution.constraint_select	hard	1	9f720ee4-c7a7-5848-a393-55e372cc37d8	sl.param_no_solution.constraint_select/no_solution_vs_infinite_candidates	The constant t in the system below is a whole number between -6 and 6, inclusive. The number of solutions of the system depends on the integer chosen. ⏎ $8x + ty = 7$ ⏎ $tx + 2y = -8$	Adding every value of t that gives no solution results in what total?	0	'해 없음' 문구와 평행 조건, 양수/정수 제약 문구
sl.param_no_solution.compose_kind	hard	0	c2ad2901-4351-5e3d-a2c1-8f2d2a8ccda9	sl.param_no_solution.compose_kind/parallel_then_point_constant	Consider the system below, where r and s are constants. ⏎ $y = 4x + 7$ ⏎ $rx + 3y = s$ ⏎ The system has no solution. The second equation is satisfied by $x = 2$ and $y = -1$.	What must s equal?	-27	'해 없음' 문구와 평행 조건, 양수/정수 제약 문구
sl.param_no_solution.compose_kind	hard	1	db31d578-21a9-5966-a386-8b2b8cf9c5d8	sl.param_no_solution.compose_kind/parallel_then_point_constant	The system below contains the constants k and c. ⏎ $y = -2x + 6$ ⏎ $kx + 3y = c$ ⏎ The graphs of the two equations never intersect. The point $(-4, 2)$ lies on the graph of the second equation.	Find c.	-18	'해 없음' 문구와 평행 조건, 양수/정수 제약 문구
sl.word_system.repr_shift	hard	0	603a0892-713f-5ab3-a057-1f1b04771dcc	sl.word_system.repr_shift/relation_and_revenue	At a zoo, every sale was a family ticket or a single ticket. The single tickets sold numbered 1 less than three times the family tickets sold. Each family ticket costs 19 dollars, and each single ticket costs 8 dollars, and the sales brought in 422 dollars.	What is the number of single tickets sold?	29	대응표: family ticket=19; single ticket=8 / 물건 이름과 가격 수치의 대응(대응표), 총 개수/총 금액 구분, 묻는 종류
sl.word_system.repr_shift	hard	1	de43113a-abc0-5ee9-a7ac-8b405af90e3b	sl.word_system.repr_shift/relation_and_revenue	A concert hall sold two kinds of seats: premium seats and standard seats. The standard seats sold numbered 2 less than twice the premium seats sold. Premium seats are sold at 24 dollars each and standard seats at 3 dollars each; the revenue came to 264 dollars.	How many premium seats did a concert hall sell?	9	대응표: premium seat=24; standard seat=3 / 물건 이름과 가격 수치의 대응(대응표), 총 개수/총 금액 구분, 묻는 종류
sl.word_system.unit_ratio	hard	0	793e70a0-b85b-5869-a925-8ba901e4e4c8	sl.word_system.unit_ratio/mixture_concentration	A lab technician has a 10% alcohol solution and a 30% alcohol solution, and pours them together into 25 liters of a 18% mixture. The total amount of alcohol in the mixture equals the sum of the amounts in the two parts.	What volume, in liters, of the 30% alcohol solution is needed?	10	물건 이름과 가격 수치의 대응(대응표), 총 개수/총 금액 구분, 묻는 종류
sl.word_system.unit_ratio	hard	1	e9587e52-4068-5679-a6e7-c3ac1b905b9d	sl.word_system.unit_ratio/mixture_concentration	A custodian mixes a 5% bleach solution with a 35% bleach solution to make 20 liters of a 32% bleach solution. Assume that no bleach is lost when the liquids are combined.	What is the volume of the 35% bleach solution, in liters?	18	물건 이름과 가격 수치의 대응(대응표), 총 개수/총 금액 구분, 묻는 종류
sl.word_system.compare_scenarios	hard	0	b4f263a8-9c89-514f-ac78-ba51b372878d	sl.word_system.compare_scenarios/common_cost_at_crossover	At a car-sharing service, Plan A costs 7 dollars per trip plus an annual fee of 105 dollars. Plan B has an annual fee of 133 dollars and charges 3 dollars per trip.	When Plan A and Plan B cost the same, how many dollars does each plan cost?	154	물건 이름과 가격 수치의 대응(대응표), 총 개수/총 금액 구분, 묻는 종류
sl.word_system.compare_scenarios	hard	1	6f3fefb6-42b9-5163-a8d1-a26932137ed1	sl.word_system.compare_scenarios/common_cost_at_crossover	Two plans are offered by a gym. Plan A has a joining fee of 110 dollars and charges 12 dollars per visit. Plan B has a joining fee of 165 dollars and charges 7 dollars per visit.	What is the cost, in dollars, at which the two plans are equal?	242	물건 이름과 가격 수치의 대응(대응표), 총 개수/총 금액 구분, 묻는 종류
sl.word_system.chain2	hard	0	1be280c4-fae6-5b0b-aab3-cf3ff4dea30b	sl.word_system.chain2/prices_then_new_order	A club treasurer buys pens and notebooks at fixed prices. An order with 5 pens and 2 notebooks costs 57 dollars. The second order of 6 pens and 2 notebooks costs 66 dollars.	What would 7 pens and 2 notebooks cost, in dollars, at the same prices?	75	물건 이름과 가격 수치의 대응(대응표), 총 개수/총 금액 구분, 묻는 종류
sl.word_system.chain2	hard	1	af0b380e-e919-5ede-a797-d59e8ff31c8f	sl.word_system.chain2/prices_then_new_order	A store clerk buys pens and notebooks at fixed prices. 2 pens and 5 notebooks together cost 26 dollars. Another order with 5 pens and 6 notebooks costs 52 dollars.	At the same prices, how many dollars will an order of 8 pens and 7 notebooks cost?	78	물건 이름과 가격 수치의 대응(대응표), 총 개수/총 금액 구분, 묻는 종류
li.solve_one_var.e_integer_edge	easy	0	e43733b9-7975-51da-ab52-aa081fd0aa0f	li.solve_one_var.e_integer_edge/integer_edge	$2t + 4 \le 12$	Find the greatest integer t for which the inequality is true.	4	부등호 방향어(at least/at most 등)와 식 일치, 정수 조건·포함 여부 문구
li.solve_one_var.e_integer_edge	easy	1	97cb7c0d-bff9-5f4c-a67e-2f4b3dc0b818	li.solve_one_var.e_integer_edge/integer_edge	Look at the inequality below. ⏎ $t + 9 < 15$	Find the greatest integer t for which the inequality is true.	5	부등호 방향어(at least/at most 등)와 식 일치, 정수 조건·포함 여부 문구
li.point_in_solution.e_count_values	easy	0	74aea09a-a95e-543a-a6fc-fc26b38423b7	li.point_in_solution.e_count_values/count_true_values	The inequality $3w - 8 > -1$ is given. Try w = -3, -1, 3, 4, 5, and 6.	How many of the listed values make the inequality true?	4	점의 좌표 순서(x, y)와 포함 여부(<, ≤), '해가 아님/해임' 문구
li.point_in_solution.e_count_values	easy	1	6cfce047-3e8a-5591-ab6b-4cd4507cc783	li.point_in_solution.e_count_values/count_true_values	The inequality $-3n + 3 \ge 5$ is given. The candidates for n are -2, 1, 2, 4.	How many of the numbers are solutions of the inequality?	1	점의 좌표 순서(x, y)와 포함 여부(<, ≤), '해가 아님/해임' 문구
li.table_verification.e_budget_items	easy	0	7dc264e4-183b-5748-acd2-0f5595ea04ae	li.table_verification.e_budget_items/budget_items	Kenji brings 116 dollars to a theater. Tickets are 14 dollars each.	What is the maximum whole number of tickets Kenji can afford?	8	나열된 순서쌍과 문장 부등식의 일치(m배보다 b 큼/작음), 경계 포함 여부
li.table_verification.e_budget_items	easy	1	214f71fa-d019-5196-a00a-724b5fafcb04	li.table_verification.e_budget_items/budget_items	At a craft fair, Omar can spend at most 97 dollars. A single bracelet sells for 9 dollars.	What is the greatest number of bracelets Omar can buy?	10	나열된 순서쌍과 문장 부등식의 일치(m배보다 b 큼/작음), 경계 포함 여부
li.solve_one_var.m_negative_coefficient	medium	0	41fb64b9-a617-5b62-aa9e-18df54d32853	li.solve_one_var.m_negative_coefficient/negative_coefficient	The inequality below has a negative coefficient. ⏎ $-4n - 4 > 20$	Which is the largest integer solution of the inequality?	-7	부등호 방향어(at least/at most 등)와 식 일치, 정수 조건·포함 여부 문구
li.solve_one_var.m_negative_coefficient	medium	1	7f16bf30-5a46-5036-a203-882983776451	li.solve_one_var.m_negative_coefficient/negative_coefficient	An inequality in one variable is written below. ⏎ $-4t + 4 \le 1$	What is the minimum integer value of t that satisfies the inequality?	1	부등호 방향어(at least/at most 등)와 식 일치, 정수 조건·포함 여부 문구
li.solve_one_var.m_fee_per_unit	medium	0	ab9a6410-2b8e-5921-a487-20edb4511787	li.solve_one_var.m_fee_per_unit/fee_plus_rate	For a booking, a photographer asks 85 dollars up front and 34 dollars for each hour. The total cost must not exceed 405 dollars.	How many hours can the customer afford at most?	9	부등호 방향어(at least/at most 등)와 식 일치, 정수 조건·포함 여부 문구
li.solve_one_var.m_fee_per_unit	medium	1	24b8f836-9ab9-575a-a379-c9dc56ea04af	li.solve_one_var.m_fee_per_unit/fee_plus_rate	A bike rental shop charges 55 dollars for a deposit plus 21 dollars for each day. The customer's budget is 185 dollars.	For at most how many whole days will the total stay within the budget?	6	부등호 방향어(at least/at most 등)와 식 일치, 정수 조건·포함 여부 문구
li.solve_one_var.m_double_inequality	medium	0	714bd16d-8dcd-5810-a8a9-03ce59eb9bf5	li.solve_one_var.m_double_inequality/double_inequality_count	The expression in the middle lies strictly between two numbers, as written below. ⏎ $-9 < 2m - 4 < 7$	For how many integer values of m is the statement true?	8	부등호 방향어(at least/at most 등)와 식 일치, 정수 조건·포함 여부 문구
li.solve_one_var.m_double_inequality	medium	1	75225e42-08e3-56f9-a455-d721a0488529	li.solve_one_var.m_double_inequality/double_inequality_count	Look at the compound inequality below. ⏎ $-23 < 4x - 1 < 4$	What is the number of integer solutions?	7	부등호 방향어(at least/at most 등)와 식 일치, 정수 조건·포함 여부 문구
li.point_in_solution.m_least_y	medium	0	8e453551-d6b3-5da9-ae0a-14a890212242	li.point_in_solution.m_least_y/least_y_on_vertical_line	The inequality $y > 3x - 4$ is given. The x-coordinate is fixed at -1, and y must be an integer.	Which is the smallest integer $y$ that makes the point a solution?	-6	점의 좌표 순서(x, y)와 포함 여부(<, ≤), '해가 아님/해임' 문구
li.point_in_solution.m_least_y	medium	1	11d742e8-9d4e-5c73-ab00-87e23a1d704c	li.point_in_solution.m_least_y/least_y_on_vertical_line	A point $(x, y)$ is a solution when $y < -4x + 4$. The x-coordinate is fixed at 3, and y must be an integer.	Find the maximum integer $y$ so that the point is a solution.	-9	점의 좌표 순서(x, y)와 포함 여부(<, ≤), '해가 아님/해임' 문구
li.table_verification.m_count_pairs	medium	0	ffb27cf3-0d75-5a4c-aceb-a2c129e4cd43	li.table_verification.m_count_pairs/count_true_pairs	A student wants to check ordered pairs against the inequality below. ⏎ $y > x + 1$ ⏎ Test the following pairs: $(-2, -2)$, $(0, 2)$, $(1, 4)$, $(3, 3)$, and $(4, 6)$. In every pair, x comes first.	For how many of the pairs is the inequality true?	3	나열된 순서쌍과 문장 부등식의 일치(m배보다 b 큼/작음), 경계 포함 여부
li.table_verification.m_count_pairs	medium	1	49e39940-d07c-51b9-a4d7-055ad533a5c3	li.table_verification.m_count_pairs/count_true_pairs	Consider the inequality below. ⏎ $y < 2x - 6$ ⏎ Test the following pairs: $(-2, -10)$, $(-1, -9)$, $(0, -5)$, $(1, -3)$, and $(4, 4)$.	How many pairs make the inequality a true statement?	1	나열된 순서쌍과 문장 부등식의 일치(m배보다 b 큼/작음), 경계 포함 여부
le.solve.e_two_step	easy	0	67d4e46b-3c58-5bf4-ab09-5dbf4a22d86d	le.solve.e_two_step/two_step	An equation in one variable is given. ⏎ $4w - 2 = -18$	What is the value of w?	-4	부등호/등호 방향어와 식의 방향 일치, 변수 문자가 질문과 같은 문자인지
le.solve.e_two_step	easy	1	5ef5deeb-23f8-576d-a8e8-64b48d6221de	le.solve.e_two_step/two_step	The equation below has one solution. ⏎ $6n - 13 = -43$	What value of n makes the equation true?	-5	부등호/등호 방향어와 식의 방향 일치, 변수 문자가 질문과 같은 문자인지
le.word_problem_translate.e_number_puzzle	easy	0	a3505057-c35b-55ac-aa67-0ed440c1f939	le.word_problem_translate.e_number_puzzle/number_puzzle	When seven times a number is lowered by 12, the result is 58.	What is the value of the number?	10	문장의 수량-명사가 식의 항과 일치(몇 배·몇 더 큰/작은의 방향)
le.word_problem_translate.e_number_puzzle	easy	1	45038bc6-4143-50aa-a4c0-9037f6b795dd	le.word_problem_translate.e_number_puzzle/number_puzzle	A number is multiplied by 7, and then 2 is subtracted. The result is 54.	Which number satisfies the statement?	8	문장의 수량-명사가 식의 항과 일치(몇 배·몇 더 큰/작은의 방향)
le.literal_rearrange.e_product_formula	easy	0	ffb5ea1a-3870-5144-a7f2-8aa18e87df4b	le.literal_rearrange.e_product_formula/product_relationship	A worker is described by a total pay of 44 dollars together with 4 hours of work. The total pay is found by multiplying the hourly wage by the number of hours worked.	What is the hourly wage?	11	공식에 쓰인 문자와 질문이 묻는 문자의 일치, 단위
le.literal_rearrange.e_product_formula	easy	1	d5a8ec18-3721-5333-a7a2-b37a26b90f49	le.literal_rearrange.e_product_formula/product_relationship	For a fountain, there is a running time of 8 minutes and 32 liters of water used. The volume of water used is found by multiplying the flow rate by the running time.	What is the flow rate?	4	공식에 쓰인 문자와 질문이 묻는 문자의 일치, 단위
le.solve.m_both_sides	medium	0	fd424183-f7fd-5577-a3ad-d0834e6193ed	le.solve.m_both_sides/both_sides	The equation below has the variable on both sides. ⏎ $3k + 6 = 6k - 21$	What is the value of k?	9	부등호/등호 방향어와 식의 방향 일치, 변수 문자가 질문과 같은 문자인지
le.solve.m_both_sides	medium	1	79d4206d-62f3-5bca-acc6-da88c0702ce3	le.solve.m_both_sides/both_sides	A linear equation with a variable on each side is given. ⏎ $7t + 8 = 15$	Which number is the solution?	1	부등호/등호 방향어와 식의 방향 일치, 변수 문자가 질문과 같은 문자인지
le.solve.m_parentheses	medium	0	191c4a04-09e1-5013-affb-d5a24d0a2b54	le.solve.m_parentheses/parentheses	Solve the following equation by first expanding the parentheses. ⏎ $-3(m + 4) - 8 = -41$	Find the solution.	7	부등호/등호 방향어와 식의 방향 일치, 변수 문자가 질문과 같은 문자인지
le.solve.m_parentheses	medium	1	29dc65ef-f6f6-5d53-a665-f503fe6194c3	le.solve.m_parentheses/parentheses	An equation is written below. ⏎ $5(t - 6) - 6 = -61$	Solve for t.	-5	부등호/등호 방향어와 식의 방향 일치, 변수 문자가 질문과 같은 문자인지
le.solve.m_fraction	medium	0	4b636eba-38c6-538c-a137-534aaea13d6f	le.solve.m_fraction/fraction_equation	Look at the equation below. ⏎ $\frac{x}{7} + 9 = 1$	Find x.	-56	부등호/등호 방향어와 식의 방향 일치, 변수 문자가 질문과 같은 문자인지
le.solve.m_fraction	medium	1	0f14c669-05c5-5eca-adf6-eb50db0e84d4	le.solve.m_fraction/fraction_equation	An equation with a fraction is written below. ⏎ $\frac{k}{5} + 8 = -2$	What value of k makes the equation true?	-50	부등호/등호 방향어와 식의 방향 일치, 변수 문자가 질문과 같은 문자인지
le.word_problem_translate.m_flat_plus_rate	medium	0	83e537e6-c1b5-5dd9-a17b-bc5b08e5538b	le.word_problem_translate.m_flat_plus_rate/flat_plus_rate	A catering company bills 20 dollars for a setup and 12 dollars for every guest. A bill of exactly 44 dollars was issued.	How many guests did the customer pay for?	2	문장의 수량-명사가 식의 항과 일치(몇 배·몇 더 큰/작은의 방향)
le.word_problem_translate.m_flat_plus_rate	medium	1	042bbaa5-7cff-562d-abd6-39f9f210d3d0	le.word_problem_translate.m_flat_plus_rate/flat_plus_rate	For a house call, a plumber asks 35 dollars up front and then 23 dollars per hour. The final bill came to 242 dollars.	For how many hours was the customer charged?	9	문장의 수량-명사가 식의 항과 일치(몇 배·몇 더 큰/작은의 방향)
le.literal_rearrange.m_formula_value	medium	0	4e8adf8a-71dc-54b1-ae5f-d1cf80792d5f	le.literal_rearrange.m_formula_value/two_term_formula	The fare of a taxi ride is modeled by $q = s + kn$. Here q is the fare, s is the base charge, k is the charge per mile, and n is the distance traveled. It is known that the fare is 49 dollars, the base charge is 31 dollars, and the charge per mile is 9 dollars per mile.	What is the distance traveled?	2	대응표: the fare=49; the base charge=31; the charge per mile=9 / 공식에 쓰인 문자와 질문이 묻는 문자의 일치, 단위
le.literal_rearrange.m_formula_value	medium	1	f1bf064c-5adf-59d5-a54e-0de07b8451c7	le.literal_rearrange.m_formula_value/two_term_formula	The final position of a cyclist is modeled by $f = g + hu$. Here f is the final position, g is the starting position, h is the speed, and u is the riding time. It is known that the final position is 33 kilometers from home, the starting position is 9 kilometers from home, and the speed is 4 kilometers per hour.	What is the value of the riding time?	6	대응표: the final position=33; the starting position=9; the speed=4 / 공식에 쓰인 문자와 질문이 묻는 문자의 일치, 단위
lf.evaluate.e_plug_in	easy	0	f83f932c-c1b7-5144-a06f-2a58c0684d9f	lf.evaluate.e_plug_in/plug_in	The rule $p(x) = -x - 10$ defines a function.	What is the output when the input is 5?	-15	함수 이름·입력값이 질문의 f(·) 와 일치, 합성 순서(안쪽/바깥쪽)
lf.evaluate.e_plug_in	easy	1	590c1e10-4f79-5d2e-a8ba-a085fc1927df	lf.evaluate.e_plug_in/plug_in	Let $u(w) = 3w + 5$.	What is the output when the input is -6?	-13	함수 이름·입력값이 질문의 f(·) 와 일치, 합성 순서(안쪽/바깥쪽)
lf.find_x_for_value.e_solve_for_input	easy	0	affc699a-8c85-5527-a639-38491a9ca668	lf.find_x_for_value.e_solve_for_input/solve_for_input	The rule $f(w) = -2w + 4$ defines a function.	For what value of w does $f(w) = 16$?	-6	구하는 대상이 입력(x)인지 출력값인지, 목표값이 문장 조건과 일치
lf.find_x_for_value.e_solve_for_input	easy	1	85da4d9b-b5ec-56f3-ab5f-df8fa23d5512	lf.find_x_for_value.e_solve_for_input/solve_for_input	The function h is defined by $h(t) = -5t - 4$.	For what value of t does $h(t) = -29$?	5	구하는 대상이 입력(x)인지 출력값인지, 목표값이 문장 조건과 일치
lf.slope_from_two_points.e_two_points	easy	0	53f90f66-3b62-54af-aa44-19fa4539c167	lf.slope_from_two_points.e_two_points/two_points	Line m is drawn through $(0, -6)$ and $(3, -24)$.	How steep is line m? Give its slope.	-6	두 점의 (x, y) 순서·부호와 기울기 방향, 직선 이름(ℓ, m 등) 일치
lf.slope_from_two_points.e_two_points	easy	1	cba08ac6-62e8-5bf4-a030-07fb2165d5f1	lf.slope_from_two_points.e_two_points/two_points	A line n goes through $(2, 2)$ and $(7, -8)$.	What is the slope of line n?	-2	두 점의 (x, y) 순서·부호와 기울기 방향, 직선 이름(ℓ, m 등) 일치
lf.evaluate.m_expression_value	medium	0	e718f03e-82b0-546c-a3d5-ee3b00a7f79e	lf.evaluate.m_expression_value/expression_of_values	Let $g(n) = -5n + 9$.	What is $g(4) - g(0)$?	-20	함수 이름·입력값이 질문의 f(·) 와 일치, 합성 순서(안쪽/바깥쪽)
lf.evaluate.m_expression_value	medium	1	16c28d58-5124-576a-aa0e-83dfbc412e3d	lf.evaluate.m_expression_value/expression_of_values	Consider the function $v(m) = -2m + 4$.	What is the value of $v(5) + v(6)$?	-14	함수 이름·입력값이 질문의 f(·) 와 일치, 합성 순서(안쪽/바깥쪽)
lf.find_x_for_value.m_fraction_slope	medium	0	1a9934be-0ecc-5479-a6a3-51466bbfe092	lf.find_x_for_value.m_fraction_slope/fraction_slope	Consider the function $q(n) = -\frac{1}{2}n - 5$.	Which input produces the output -3?	-4	구하는 대상이 입력(x)인지 출력값인지, 목표값이 문장 조건과 일치
lf.find_x_for_value.m_fraction_slope	medium	1	922488ec-5e70-5b0b-af2a-6f1320fd758b	lf.find_x_for_value.m_fraction_slope/fraction_slope	Consider the function $v(w) = -\frac{4}{3}w + 2$.	What value of w gives an output of -2?	3	구하는 대상이 입력(x)인지 출력값인지, 목표값이 문장 조건과 일치
lf.slope_from_two_points.m_fractional_slope	medium	0	685fb986-1cba-5ed8-a229-685e6f5d2fbc	lf.slope_from_two_points.m_fractional_slope/fractional_slope	The points $(-2, -5)$ and $(3, -8)$ lie on line j.	What slope does line j have?	-3/5	두 점의 (x, y) 순서·부호와 기울기 방향, 직선 이름(ℓ, m 등) 일치
lf.slope_from_two_points.m_fractional_slope	medium	1	33a72503-43fe-57ea-a184-ba9c79e1d548	lf.slope_from_two_points.m_fractional_slope/fractional_slope	The points $(-2, -3)$ and $(2, -1)$ lie on line k.	What is the slope of line k?	1/2	두 점의 (x, y) 순서·부호와 기울기 방향, 직선 이름(ℓ, m 등) 일치
lf.interpret_slope.m_rate_context	medium	0	d4c4c442-1276-5a3d-afac-8ad0340089a3	lf.interpret_slope.m_rate_context/rate_in_context	The collection of a library is modeled by $A(t) = 8t + 75$, where t is the number of months and A(t) is measured in books.	The model says the collection increases by how many books each month?	8	증가/감소 동사가 기울기 부호와 일치, 단위(시간·양) 환산 방향, 맥락 명사와 수치 대응
lf.interpret_slope.m_rate_context	medium	1	3c8ef319-935d-5af3-a89d-aa032b4d45ff	lf.interpret_slope.m_rate_context/rate_in_context	Let $F(t) = -8t + 17$ give the altitude of a hiker, in meters, after t hours.	How many meters does the model remove each hour?	8	증가/감소 동사가 기울기 부호와 일치, 단위(시간·양) 환산 방향, 맥락 명사와 수치 대응
lf.interpret_intercept.m_start_context	medium	0	42763627-bb10-57f8-a379-081863c0fd72	lf.interpret_intercept.m_start_context/start_in_context	With t in minutes since tracking began, the temperature of a pot of water, in degrees, is $A(t) = -4t + 50$.	According to the model, what was the temperature, in degrees, when tracking began?	50	'시작값(t=0)'이 질문의 시점과 일치, 단위 환산, 증가/감소 방향 역산
lf.interpret_intercept.m_start_context	medium	1	fd81a897-0998-52a2-a21d-cb23a450daa7	lf.interpret_intercept.m_start_context/start_in_context	The balance of a savings account is modeled by $W(t) = -6t + 57$, where t is the number of weeks since tracking began and W(t) is measured in dollars.	What does the model give as the starting balance, in dollars?	57	'시작값(t=0)'이 질문의 시점과 일치, 단위 환산, 증가/감소 방향 역산
l2.intersection_x.e_y_form	easy	0	2a2c02e5-7054-5d48-a606-9c2b82c4e2d1	l2.intersection_x.e_y_form/y_form_x	A system of two linear equations is given below. ⏎ $y = 3x - 3$ ⏎ $y = -x - 3$	What is the value of x in the solution $(x, y)$ of the system?	0	묻는 것이 x 좌표인지 y 좌표인지, 직선 이름·식의 y 절편 부호
l2.intersection_x.e_y_form	easy	1	948c1e44-413b-5dc0-a37e-d3ac28ae9526	l2.intersection_x.e_y_form/y_form_x	A system of two linear equations is given below. ⏎ $y = x + 2$ ⏎ $y = -3x - 2$	What is the x-coordinate of the point where the lines cross?	-1	묻는 것이 x 좌표인지 y 좌표인지, 직선 이름·식의 y 절편 부호
l2.slope.e_slope_of_equation	easy	0	8141d465-a19b-58ca-ae7f-0de344c6f7a6	l2.slope.e_slope_of_equation/read_slope	A line k is given by $y = -4x + 8$.	What slope does line k have?	-4	기울기/절편 구분, 표준형 계수 부호와 기울기 −a/b 부호
l2.slope.e_slope_of_equation	easy	1	8ecac43f-b728-5861-a0b7-f7dc8a0fee0e	l2.slope.e_slope_of_equation/read_slope	The equation of line m is $y = -7x + 7$.	What is the slope of the graph?	-7	기울기/절편 구분, 표준형 계수 부호와 기울기 −a/b 부호
l2.num_solutions.e_parallel_k	easy	0	cd40d528-ad4f-5d44-af60-9598c43ca427	l2.num_solutions.e_parallel_k/parallel_k	Consider the system below, where k is a constant. ⏎ $y = -4x - 4$ ⏎ $y = kx - 5$ ⏎ The system has no solution.	Find k.	-4	'해 없음/무수히 많음/오직 하나' 문구와 조건 일치, 미지 상수 문자가 수식에 있는지
l2.num_solutions.e_parallel_k	easy	1	c33fc592-fd79-5859-ad93-fd04e1b6c7f3	l2.num_solutions.e_parallel_k/parallel_k	In the system below, m is a constant. ⏎ $y = -5x - 7$ ⏎ $y = mx - 4$ ⏎ No ordered pair satisfies both equations.	What is the value of m?	-5	'해 없음/무수히 많음/오직 하나' 문구와 조건 일치, 미지 상수 문자가 수식에 있는지
l2.intersection_y.m_y_form	medium	0	3ab67648-e13b-5e1b-a04d-c9f2739351bd	l2.intersection_y.m_y_form/y_form_y	Two lines in the xy-plane are given by the equations below. ⏎ $y = -2x - 3$ ⏎ $y = -x + 3$	The solution of the system is $(x, y)$. What is y?	9	묻는 것이 y 좌표인지, 셋째 직선에 넣는 값이 교점의 x 인지
l2.intersection_y.m_y_form	medium	1	f3ea0575-3603-55c2-a114-be1492db7951	l2.intersection_y.m_y_form/y_form_y	A system of two linear equations is given below. ⏎ $y = -4x - 3$ ⏎ $y = 5x + 33$	The solution of the system is $(x, y)$. What is y?	13	묻는 것이 y 좌표인지, 셋째 직선에 넣는 값이 교점의 x 인지
l2.intersection_x.m_standard_form	medium	0	b5064321-3b5c-5814-a764-25f444add77a	l2.intersection_x.m_standard_form/standard_form_x	Look at the following system of equations. ⏎ $-x - 5y = 28$ ⏎ $6x - 5y = 7$	What is the value of x in the solution $(x, y)$ of the system?	-3	묻는 것이 x 좌표인지 y 좌표인지, 직선 이름·식의 y 절편 부호
l2.intersection_x.m_standard_form	medium	1	924f1c13-8912-59d9-a2f7-169b250413f3	l2.intersection_x.m_standard_form/standard_form_x	A student is solving the system of equations below. ⏎ $2x + 6y = -10$ ⏎ $-4x - 2y = -20$	What is the x-coordinate of the solution to the system?	7	묻는 것이 x 좌표인지 y 좌표인지, 직선 이름·식의 y 절편 부호
l2.intercept.m_standard_form	medium	0	86211efc-5326-59bc-a561-c27da71f5640	l2.intercept.m_standard_form/standard_form_intercept	Line k has the equation $-x + y = -4$.	Line k crosses the y-axis at $(0, y)$. What is y?	-4	x 절편/y 절편 구분, 단위·물건 이름(가격-명사)과 수치 대응
l2.intercept.m_standard_form	medium	1	11781b09-707a-5853-a944-757625939512	l2.intercept.m_standard_form/standard_form_intercept	The equation of line j is $x - 5y = 5$.	At what y-value does line j cross the y-axis?	-1	x 절편/y 절편 구분, 단위·물건 이름(가격-명사)과 수치 대응
l2.slope.m_standard_form	medium	0	2c934a11-f6cb-5343-a7f7-2cc371fee5f7	l2.slope.m_standard_form/standard_form_slope	A line j is given by $15x - 3y = -9$.	What slope does line j have?	5	기울기/절편 구분, 표준형 계수 부호와 기울기 −a/b 부호
l2.slope.m_standard_form	medium	1	4042ff12-8ea1-50a9-a724-a46d9dea1393	l2.slope.m_standard_form/standard_form_slope	A line n is given by $28x - 4y = 16$.	What is the rate of change of line n?	7	기울기/절편 구분, 표준형 계수 부호와 기울기 −a/b 부호
l2.intersection_sum.m_y_form_sum	medium	0	da26aa20-1085-561f-a7ac-5f3c04c4a9c9	l2.intersection_sum.m_y_form_sum/y_form_sum	Consider the system of equations below. ⏎ $y = 2x - 12$ ⏎ $y = 4x - 6$	What is the sum of the x-coordinate and the y-coordinate of the solution?	-21	묻는 값이 x + y(합)인지, 미지 상수가 어느 식에 있는지
l2.intersection_sum.m_y_form_sum	medium	1	4f81f8c2-08ef-553a-aec1-cc946a83a73c	l2.intersection_sum.m_y_form_sum/y_form_sum	Both equations below must hold at the same time. ⏎ $y = 3x - 7$ ⏎ $y = x - 17$	What do the coordinates of the solution add up to?	-27	묻는 값이 x + y(합)인지, 미지 상수가 어느 식에 있는지
sl.elimination_value.e_add_equations	easy	0	db7dcd10-8598-5d08-a0bc-38d86f62abd7	sl.elimination_value.e_add_equations/add_equations	Look at the following system of equations. ⏎ $m + n = 10$ ⏎ $m - n = -2$	Find m for the solution of the system.	4	묻는 값(x/y/식의 값/k 합)과 정답 대응, 소거할 변수
sl.elimination_value.e_add_equations	easy	1	8f7c44c3-4c1b-5c87-a724-87511699a049	sl.elimination_value.e_add_equations/add_equations	A system of two linear equations is given below. ⏎ $x + y = 19$ ⏎ $x - y = -3$	What is x when both equations are true?	8	묻는 값(x/y/식의 값/k 합)과 정답 대응, 소거할 변수
sl.substitution_solve.e_y_equals_multiple	easy	0	8cfc2acd-06f0-57f8-a894-1d6e3fa9d9c0	sl.substitution_solve.e_y_equals_multiple/y_equals_multiple_of_x	The system of equations below has exactly one solution. ⏎ $y = 4x$ ⏎ $x + y = 45$	Find x for the solution of the system.	9	대입 대상 변수와 질문 변수 일치, 문장 관계(몇 배보다 몇 큼)의 방향
sl.substitution_solve.e_y_equals_multiple	easy	1	d76027d5-936d-52b7-a22e-aa2676bce764	sl.substitution_solve.e_y_equals_multiple/y_equals_multiple_of_x	A system of two linear equations is given below. ⏎ $x + y = 30$ ⏎ $y = 4x$	Find y for the solution of the system.	24	대입 대상 변수와 질문 변수 일치, 문장 관계(몇 배보다 몇 큼)의 방향
sl.word_system.e_two_numbers	easy	0	9799a19e-c17e-5217-af5c-10e2b86a45c0	sl.word_system.e_two_numbers/sum_and_difference	The sum of two numbers is 47. The larger is 25 greater than the smaller.	Find the smaller number.	11	물건 이름과 가격 수치의 대응(대응표), 총 개수/총 금액 구분, 묻는 종류
sl.word_system.e_two_numbers	easy	1	fca25174-a965-5e58-a579-9f769f2888d0	sl.word_system.e_two_numbers/sum_and_difference	The sum of two numbers is 54. The larger number is 10 more than the smaller number.	What is the smaller number?	22	물건 이름과 가격 수치의 대응(대응표), 총 개수/총 금액 구분, 묻는 종류
sl.substitution_solve.m_x_solved	medium	0	6338f950-e918-52b7-a719-69e894d367df	sl.substitution_solve.m_x_solved/x_solved_form	Find the solution of the system of equations below. ⏎ $x + y = -10$ ⏎ $x = -3y$	What is y when both equations are true?	5	대입 대상 변수와 질문 변수 일치, 문장 관계(몇 배보다 몇 큼)의 방향
sl.substitution_solve.m_x_solved	medium	1	9555eed0-5fc5-5c22-a250-52a6dc98b810	sl.substitution_solve.m_x_solved/x_solved_form	Find the solution of the system of equations below. ⏎ $x = -y - 1$ ⏎ $2x + 5y = 19$	Which value of y satisfies both equations?	7	대입 대상 변수와 질문 변수 일치, 문장 관계(몇 배보다 몇 큼)의 방향
sl.elimination_value.m_scale_one	medium	0	70a8736e-3196-54c1-a21d-8afa8068e339	sl.elimination_value.m_scale_one/scale_one_equation	The two equations below form a system. ⏎ $-5x + 6y = -10$ ⏎ $5x - 3y = -5$	Which value of x satisfies both equations?	-4	묻는 값(x/y/식의 값/k 합)과 정답 대응, 소거할 변수
sl.elimination_value.m_scale_one	medium	1	87766455-5ef4-535d-aafc-cbbe6042c143	sl.elimination_value.m_scale_one/scale_one_equation	A student is solving the system of equations below. ⏎ $5x - 2y = -28$ ⏎ $-x - y = 0$	The solution of the system is $(x, y)$. What is x?	-4	묻는 값(x/y/식의 값/k 합)과 정답 대응, 소거할 변수
sl.elimination_value.m_sum_of_solution	medium	0	4826176e-e7e7-51c6-afb4-94b74963c0b9	sl.elimination_value.m_sum_of_solution/sum_of_solution	Find the solution of the system of equations below. ⏎ $2x - 5y = -47$ ⏎ $-3x - 3y = -3$	Find $x + y$.	1	묻는 값(x/y/식의 값/k 합)과 정답 대응, 소거할 변수
sl.elimination_value.m_sum_of_solution	medium	1	541f1db2-ea3b-5957-afb0-7c3b88233f70	sl.elimination_value.m_sum_of_solution/sum_of_solution	The two equations below form a system. ⏎ $-x + 6y = 45$ ⏎ $4x + 5y = 23$	The solution is $(x, y)$. What is $x + y$?	4	묻는 값(x/y/식의 값/k 합)과 정답 대응, 소거할 변수
sl.param_no_solution.m_find_k	medium	0	a4653c6a-1d59-5a95-aaf6-ae698bce362e	sl.param_no_solution.m_find_k/find_k_parallel	In the system below, k is a constant. ⏎ $kx + 7y = -1$ ⏎ $6x + 2y = 10$ ⏎ The system has no solution.	What must k equal?	21	'해 없음' 문구와 평행 조건, 양수/정수 제약 문구
sl.param_no_solution.m_find_k	medium	1	01f1ac9e-b36b-53e5-ae55-15782a1acac8	sl.param_no_solution.m_find_k/find_k_parallel	Consider the system below, where c is a constant. ⏎ $-4x + 4y = 3$ ⏎ $cx + 3y = -1$ ⏎ No ordered pair satisfies both equations.	What must c equal?	-3	'해 없음' 문구와 평행 조건, 양수/정수 제약 문구
sl.word_system.m_item_counts	medium	0	8776bc3c-693c-5ba5-a121-5c0b0e776fa3	sl.word_system.m_item_counts/item_counts_and_cost	A teacher spent 484 dollars on 41 items, each one a notebook or a folder. Notebooks cost 20 dollars apiece and folders cost 8 dollars apiece.	How many of the items were folders?	28	물건 이름과 가격 수치의 대응(대응표), 총 개수/총 금액 구분, 묻는 종류
sl.word_system.m_item_counts	medium	1	f12c56a2-84c8-5f4c-a694-295e0f4ca07c	sl.word_system.m_item_counts/item_counts_and_cost	A shop bought 13 items in all, some T-shirts and the rest caps, for 103 dollars. A T-shirt is 11 dollars, and a cap is 3 dollars.	How many of the items were T-shirts?	8	물건 이름과 가격 수치의 대응(대응표), 총 개수/총 금액 구분, 묻는 종류
