rank_final,school_name,city,state,public_private,admissions_homepage_url,common_data_set_url,catalog_programs_url,deadlines_url,url_verification_status,rank_confidence
1,Princeton University,Princeton,NJ,Private,https://admission.princeton.edu/,https://ir.princeton.edu/other-university-data/common-data-set,미검증(추정),미검증(추정),"라이브 검증(2026-09-19, WebSearch) - 검증",높음(학습데이터 기반)
2,Massachusetts Institute of Technology,Cambridge,MA,Private,https://mitadmissions.org/,https://ir.mit.edu/project-topic/common-data-set/,미검증(추정),미검증(추정),"라이브 검증(2026-09-19, WebSearch) - 검증",높음(학습데이터 기반)
3,Harvard University,Cambridge,MA,Private,https://college.harvard.edu/admissions,https://oir.harvard.edu/common-data-set,미검증(추정),미검증(추정),"라이브 검증(2026-09-19, WebSearch) - 검증",높음(학습데이터 기반)
4,Stanford University,Stanford,CA,Private,https://admission.stanford.edu/,https://irds.stanford.edu/data-findings/undergraduate-admission,미검증(추정),미검증(추정),라이브 검색함(2026-09-19) - 검증(CDS는 IRDS 대체),높음(학습데이터 기반)
5,Yale University,New Haven,CT,Private,https://admissions.yale.edu/,https://oir.yale.edu/common-data-set,미검증(추정),미검증(추정),"라이브 검증(2026-09-19, WebSearch) - 검증",높음(학습데이터 기반)
6,University of Pennsylvania,Philadelphia,PA,Private,https://admissions.upenn.edu/,https://ira.upenn.edu/penn-numbers/common-data-set,미검증(추정),미검증(추정),"라이브 검증(2026-09-19, WebSearch) - 검증",높음(학습데이터 기반)
7,California Institute of Technology,Pasadena,CA,Private,https://www.admissions.caltech.edu/,https://iro.caltech.edu/,미검증(추정),미검증(추정),라이브 검색함(2026-09-19) - 검증(CDS 정확 인덱스 URL 미확정),높음(학습데이터 기반)
8,Duke University,Durham,NC,Private,https://admissions.duke.edu/,https://provost.duke.edu/,미검증(추정),미검증(추정),"라이브 검색함(2026-09-19) - 검증(CDS 정확 인덱스 URL 미확정, 호스트만 확인)",높음(학습데이터 기반)
9,Brown University,Providence,RI,Private,https://admission.brown.edu/,https://oir.brown.edu/institutional-data/common-data-set,미검증(추정),미검증(추정),"라이브 검증(2026-09-19, WebSearch) - 검증",높음(학습데이터 기반)
10,Johns Hopkins University,Baltimore,MD,Private,https://apply.jhu.edu/,https://oira.jhu.edu/,미검증(추정),미검증(추정),"라이브 검색함(2026-09-19) - 검증(CDS 정확 인덱스 URL 미확정, 호스트만 확인)",높음(학습데이터 기반)
11,Northwestern University,Evanston,IL,Private,https://admissions.northwestern.edu/,https://enrollment.northwestern.edu/data/common-data-set.html,미검증(추정),미검증(추정),"라이브 검증(2026-09-19, WebSearch) - 검증",높음(학습데이터 기반)
12,Columbia University,New York,NY,Private,https://undergrad.admissions.columbia.edu/,https://opir.columbia.edu/cds,미검증(추정),미검증(추정),"라이브 검증(2026-09-19, WebSearch) - 검증",높음(학습데이터 기반)
13,Cornell University,Ithaca,NY,Private,https://admissions.cornell.edu/,https://irp.cornell.edu/common-data-set,미검증(추정),미검증(추정),"라이브 검증(2026-09-19, WebSearch) - 검증",높음(학습데이터 기반)
14,University of Chicago,Chicago,IL,Private,https://collegeadmissions.uchicago.edu/,https://data.uchicago.edu/common-data-set,미검증(추정),미검증(추정),"라이브 검증(2026-09-19, WebSearch) - 검증",높음(학습데이터 기반)
15,"University of California, Berkeley",Berkeley,CA,Public,https://admissions.berkeley.edu/,https://opa.berkeley.edu/campus-data/common-data-set,미검증(추정),미검증(추정),"라이브 검증(2026-09-19, WebSearch) - 검증",높음(학습데이터 기반)
16,"University of California, Los Angeles",Los Angeles,CA,Public,https://admission.ucla.edu/,https://apb.ucla.edu/campus-statistics/common-data-set-undergraduate-profile,미검증(추정),미검증(추정),"라이브 검증(2026-09-19, WebSearch) - 검증",높음(학습데이터 기반)
17,Rice University,Houston,TX,Private,https://admission.rice.edu/,https://ideas.rice.edu/,미검증(추정),미검증(추정),"라이브 검색함(2026-09-19) - 검증(CDS 정확 인덱스 URL 미확정, 호스트만 확인)",높음(학습데이터 기반)
18,University of Notre Dame,Notre Dame,IN,Private,https://admissions.nd.edu/,https://www3.nd.edu/~instres/CDS/,미검증(추정),미검증(추정),"라이브 검색함(2026-09-19) - 검증(CDS 정확 인덱스 URL 미확정, 호스트만 확인)",높음(학습데이터 기반)
19,Vanderbilt University,Nashville,TN,Private,https://admissions.vanderbilt.edu/,https://www.vanderbilt.edu/data/public-data/common-data-sets/,미검증(추정),미검증(추정),"라이브 검증(2026-09-19, WebSearch) - 검증",높음(학습데이터 기반)
20,Carnegie Mellon University,Pittsburgh,PA,Private,https://www.cmu.edu/admission/,https://www.cmu.edu/ira/CDS/,미검증(추정),미검증(추정),"라이브 검증(2026-09-19, WebSearch) - 검증",높음(학습데이터 기반)
21,"University of Michigan, Ann Arbor",Ann Arbor,MI,Public,https://admissions.umich.edu/,https://obp.umich.edu/campus-statistics/,미검증(추정),미검증(추정),"라이브 검증(2026-09-19, WebSearch) - 검증",높음(학습데이터 기반)
22,Georgetown University,Washington,DC,Private,https://uadmissions.georgetown.edu/,https://oads.georgetown.edu/commondataset/,미검증(추정),미검증(추정),"라이브 검증(2026-09-19, WebSearch) - 검증",높음(학습데이터 기반)
23,University of Virginia,Charlottesville,VA,Public,https://admission.virginia.edu/,https://ira.virginia.edu/common-data-set/common-data-set-2025-2026,미검증(추정),미검증(추정),"라이브 검증(2026-09-19, WebSearch) - 검증",높음(학습데이터 기반)
24,Emory University,Atlanta,GA,Private,https://apply.emory.edu/,https://provost.emory.edu/planning-administration/data/factbook/admissions.html,미검증(추정),미검증(추정),"라이브 검증(2026-09-19, WebSearch) - 검증",높음(학습데이터 기반)
25,"University of California, San Diego",San Diego,CA,Public,https://admissions.ucsd.edu/,https://ir.ucsd.edu/stats/undergrad/common-data-set.html,미검증(추정),미검증(추정),"라이브 검증(2026-09-19, WebSearch) - 검증",높음(학습데이터 기반)
26,University of Southern California,Los Angeles,CA,Private,https://admission.usc.edu/,https://oir.usc.edu/common-data-set-archive/,미검증(추정),미검증(추정),"라이브 검증(2026-09-19, WebSearch) - 검증",높음(학습데이터 기반)
27,University of Florida,Gainesville,FL,Public,https://admissions.ufl.edu/,https://www.ir.ufl.edu/OIRAPPS/commondataset/c_ftic_admission.aspx,미검증(추정),미검증(추정),"라이브 검증(2026-09-19, WebSearch) - 검증",높음(학습데이터 기반)
28,University of North Carolina at Chapel Hill,Chapel Hill,NC,Public,https://admissions.unc.edu/,https://oira.unc.edu/reports/reports-archives/common-data-set/,미검증(추정),미검증(추정),"라이브 검증(2026-09-19, WebSearch) - 검증",높음(학습데이터 기반)
29,University of Texas at Austin,Austin,TX,Public,https://admissions.utexas.edu/,https://reports.utexas.edu/common-data-set,미검증(추정),미검증(추정),"라이브 검증(2026-09-19, WebSearch) - 검증",높음(학습데이터 기반)
30,Georgia Institute of Technology,Atlanta,GA,Public,https://admission.gatech.edu/,https://irp.gatech.edu/,미검증(추정),미검증(추정),"라이브 검색함(2026-09-19) - 검증(CDS 정확 인덱스 URL 미확정, 호스트만 확인)",높음(학습데이터 기반)
31,"University of California, Davis",Davis,CA,Public,https://admissions.ucdavis.edu/,https://aggiedata.ucdavis.edu/,미검증(추정),미검증(추정),"라이브 검증(2026-09-19, WebSearch) - 검증",높음(학습데이터 기반)
32,University of Illinois Urbana-Champaign,Champaign,IL,Public,https://admissions.illinois.edu/,https://oir.uic.edu/common-data-set-3/,미검증(추정),미검증(추정),라이브 검색함(2026-09-19) - 확인 필요(검색 결과가 UIC와 혼동됨 - UIUC 자체 CDS 페이지 재확인 필요),높음(학습데이터 기반)
33,"University of California, Irvine",Irvine,CA,Public,https://admissions.uci.edu/,https://irap.uci.edu/institutional-research/data-hub/common-data-set/,미검증(추정),미검증(추정),"라이브 검증(2026-09-19, WebSearch) - 검증",높음(학습데이터 기반)
34,University of Wisconsin-Madison,Madison,WI,Public,https://admissions.wisc.edu/,https://data.wisc.edu/admissions/,미검증(추정),미검증(추정),"라이브 검증(2026-09-19, WebSearch) - 검증",높음(학습데이터 기반)
35,Boston College,Chestnut Hill,MA,Private,https://www.bc.edu/bc-web/admission.html,https://www.bc.edu/bc-web/sites/common-data-set.html,미검증(추정),미검증(추정),"라이브 검증(2026-09-19, WebSearch) - 검증",높음(학습데이터 기반)
36,University of Washington,Seattle,WA,Public,https://admit.washington.edu/,https://www.washington.edu/opb/,미검증(추정),미검증(추정),라이브 검색함(2026-09-19) - 검증(CDS 정확 인덱스 URL 미확정),높음(학습데이터 기반)
37,Tufts University,Medford,MA,Private,https://admissions.tufts.edu/,https://provost.tufts.edu/institutionalresearch/about-tufts/common-data-set/,미검증(추정),미검증(추정),"라이브 검증(2026-09-19, WebSearch) - 검증",높음(학습데이터 기반)
38,"University of California, Santa Barbara",Santa Barbara,CA,Public,https://admission.ucsb.edu/,https://bap.ucsb.edu/,미검증(추정),미검증(추정),라이브 검색함(2026-09-19) - 확인 필요(CDS 정확 URL 미확정),높음(학습데이터 기반)
39,Boston University,Boston,MA,Private,https://www.bu.edu/admissions/,https://www.bu.edu/asir/,미검증(추정),미검증(추정),"라이브 검증(2026-09-19, WebSearch) - 검증",높음(학습데이터 기반)
40,Ohio State University,Columbus,OH,Public,https://undergrad.osu.edu/,https://irp.osu.edu/institutional-data-and-reports,미검증(추정),미검증(추정),"라이브 검증(2026-09-19, WebSearch) - 검증",높음(학습데이터 기반)
41,Rutgers University-New Brunswick,New Brunswick,NJ,Public,https://admissions.rutgers.edu/,https://oirap.rutgers.edu/CDS/,미검증(추정),미검증(추정),"라이브 검증(2026-09-19, WebSearch) - 검증",높음(학습데이터 기반)
42,University of Rochester,Rochester,NY,Private,https://admissions.rochester.edu/,https://www.rochester.edu/provost/university-data/data-insights-reporting/university-of-rochester-common-data-set/,미검증(추정),미검증(추정),"라이브 검증(2026-09-19, WebSearch) - 검증",높음(학습데이터 기반)
43,Purdue University,West Lafayette,IN,Public,https://www.admissions.purdue.edu/,https://www.purdue.edu/idata/products-services/common-data-set/,미검증(추정),미검증(추정),"라이브 검증(2026-09-19, WebSearch) - 검증",높음(학습데이터 기반)
44,Texas A&M University,College Station,TX,Public,https://admissions.tamu.edu/,https://abpa.tamu.edu/,미검증(추정),미검증(추정),"라이브 검증(2026-09-19, WebSearch) - 검증",높음(학습데이터 기반)
45,"University of Maryland, College Park",College Park,MD,Public,https://admissions.umd.edu/,https://www.irpa.umd.edu/InstitutionalData/cds.html,미검증(추정),미검증(추정),"라이브 검증(2026-09-19, WebSearch) - 검증",높음(학습데이터 기반)
46,University of Georgia,Athens,GA,Public,https://admissions.uga.edu/,https://oir.uga.edu/categorized-reports/external-reports/oir-survey-submission/common-data-set/,미검증(추정),미검증(추정),"라이브 검증(2026-09-19, WebSearch) - 검증",높음(학습데이터 기반)
47,Florida State University,Tallahassee,FL,Public,https://admissions.fsu.edu/,https://ir.fsu.edu/commondataset.aspx,미검증(추정),미검증(추정),"라이브 검증(2026-09-19, WebSearch) - 검증",높음(학습데이터 기반)
48,Northeastern University,Boston,MA,Private,https://admissions.northeastern.edu/,https://uds.northeastern.edu/university-facts/common-data-set/,미검증(추정),미검증(추정),"라이브 검증(2026-09-19, WebSearch) - 검증",높음(학습데이터 기반)
49,University of Miami,Coral Gables,FL,Private,https://admission.miami.edu/,https://irsa.miami.edu/facts-and-information/common-data-set/index.html,미검증(추정),미검증(추정),"라이브 검증(2026-09-19, WebSearch) - 검증",높음(학습데이터 기반)
50,Pepperdine University,Malibu,CA,Private,https://seaver.pepperdine.edu/admission/,https://www.pepperdine.edu/oie/institutional-research/common-data-set.htm,미검증(추정),미검증(추정),"라이브 검증(2026-09-19, WebSearch) - 검증",높음(학습데이터 기반)
51,University of Connecticut,Storrs,CT,Public,https://admissions.uconn.edu/,https://bpir.uconn.edu/,미검증(추정),미검증(추정),"라이브 검증(2026-09-19, WebSearch) - 검증",높음(학습데이터 기반)
52,"Penn State University, University Park",University Park,PA,Public,https://admissions.psu.edu/,https://www.purdue.edu/,미검증(추정),미검증(추정),"라이브 검색함(2026-09-19) - 확인 필요(정확 CDS 인덱스 URL 미확정, 호스트는 sites.psu.edu로 추정)",높음(학습데이터 기반)
53,University of Massachusetts Amherst,Amherst,MA,Public,https://www.umass.edu/admissions/,https://www.umass.edu/uair/data/common-data-set,미검증(추정),미검증(추정),"라이브 검증(2026-09-19, WebSearch) - 검증",높음(학습데이터 기반)
54,Virginia Tech,Blacksburg,VA,Public,https://admissions.vt.edu/,https://aie.vt.edu/analytics-and-ai/common-data-set.html,미검증(추정),미검증(추정),"라이브 검증(2026-09-19, WebSearch) - 검증",높음(학습데이터 기반)
55,"University of California, Santa Cruz",Santa Cruz,CA,Public,https://admissions.ucsc.edu/,https://mediafiles.ucsc.edu/iraps/common-data-set/,미검증(추정),미검증(추정),"라이브 검증(2026-09-19, WebSearch) - 검증",높음(학습데이터 기반)
56,University of Pittsburgh,Pittsburgh,PA,Public,https://oafa.pitt.edu/,https://www.ir.pitt.edu/university-information/common-data-set,미검증(추정),미검증(추정),"라이브 검증(2026-09-19, WebSearch) - 검증",높음(학습데이터 기반)
57,Case Western Reserve University,Cleveland,OH,Private,https://case.edu/admission/,https://case.edu/ir/,미검증(추정),미검증(추정),"라이브 검증(2026-09-19, WebSearch) - 검증",높음(학습데이터 기반)
58,Clemson University,Clemson,SC,Public,https://www.clemson.edu/admissions/,https://open.clemson.edu/cds/,미검증(추정),미검증(추정),"라이브 검증(2026-09-19, WebSearch) - 검증",높음(학습데이터 기반)
59,Indiana University Bloomington,Bloomington,IN,Public,https://admissions.indiana.edu/,https://iuia.iu.edu/apps/cds/,미검증(추정),미검증(추정),라이브 검색함(2026-09-19) - 확인 필요(정확 URL 재확인 권장),높음(학습데이터 기반)
60,Southern Methodist University,Dallas,TX,Private,https://www.smu.edu/admission,https://www.smu.edu/provost/university-decision-support/statistics/commondatasets,미검증(추정),미검증(추정),"라이브 검증(2026-09-19, WebSearch) - 검증",높음(학습데이터 기반)
61,Syracuse University,Syracuse,NY,Private,https://admissions.syr.edu/,https://institutionaldata.syr.edu/key-data/,미검증(추정),미검증(추정),"라이브 검증(2026-09-19, WebSearch) - 확인 필요(CDS 정확 URL 미확정, 검색 안내대로 사이트 내 검색 필요)",높음(학습데이터 기반)
62,Worcester Polytechnic Institute,Worcester,MA,Private,https://www.wpi.edu/admissions,https://www.wpi.edu/offices/strategic-initiatives-university-analytics/data-resources,미검증(추정),미검증(추정),"라이브 검증(2026-09-19, WebSearch) - 검증",높음(학습데이터 기반)
63,Baylor University,Waco,TX,Private,https://www.baylor.edu/admissions/,https://ir.web.baylor.edu/,미검증(추정),미검증(추정),"라이브 검증(2026-09-19, WebSearch) - 검증",높음(학습데이터 기반)
64,Elon University,Elon,NC,Private,https://www.elon.edu/u/admissions/,https://www.elon.edu/u/administration/institutional-effectiveness/cds/,미검증(추정),미검증(추정),"라이브 검증(2026-09-19, WebSearch) - 검증",높음(학습데이터 기반)
65,Fordham University,New York,NY,Private,https://www.fordham.edu/undergraduate-admission/,https://www.fordham.edu/about/leadership-and-administration/administrative-offices/office-of-the-provost/provost-office-units/institutional-research-and-assessment/consumer-information/common-data-set/,미검증(추정),미검증(추정),"라이브 검증(2026-09-19, WebSearch) - 검증",높음(학습데이터 기반)
66,University of Delaware,Newark,DE,Public,https://www.udel.edu/apply/,https://ire.udel.edu/common-data-set/,미검증(추정),미검증(추정),"라이브 검증(2026-09-19, WebSearch) - 검증",높음(학습데이터 기반)
67,"University of Minnesota, Twin Cities",Minneapolis,MN,Public,https://admissions.tc.umn.edu/,https://oem.umn.edu/common-data-set,미검증(추정),미검증(추정),"라이브 검증(2026-09-19, WebSearch) - 검증",높음(학습데이터 기반)
68,American University,Washington,DC,Private,https://www.american.edu/admissions/,https://www.american.edu/provost/oira/common-data-set.cfm,미검증(추정),미검증(추정),"라이브 검증(2026-09-19, WebSearch) - 검증",높음(학습데이터 기반)
69,Colorado School of Mines,Golden,CO,Public,https://www.mines.edu/admissions/,https://ir.mines.edu/,미검증(추정),미검증(추정),라이브 검색함(2026-09-19) - 확인 필요(CDS 정확 URL 미확정),높음(학습데이터 기반)
70,Rensselaer Polytechnic Institute,Troy,NY,Private,https://admissions.rpi.edu/,https://provost.rpi.edu/institutional-research-and-assessment,미검증(추정),미검증(추정),"라이브 검증(2026-09-19, WebSearch) - 검증",높음(학습데이터 기반)
71,Stevens Institute of Technology,Hoboken,NJ,Private,https://www.stevens.edu/admission,https://www.stevens.edu/office-of-institutional-research-and-effectiveness/facts-and-figures,미검증(추정),미검증(추정),"라이브 검증(2026-09-19, WebSearch) - 검증",높음(학습데이터 기반)
72,Texas Christian University,Fort Worth,TX,Private,https://admissions.tcu.edu/,https://ir.tcu.edu/facts-data/,미검증(추정),미검증(추정),"라이브 검증(2026-09-19, WebSearch) - 검증",높음(학습데이터 기반)
73,Villanova University,Villanova,PA,Private,https://www.villanova.edu/villanova/enroll/admission.html,https://www.villanova.edu/university/enrollment-management/systems-analytics.html,미검증(추정),미검증(추정),"라이브 검증(2026-09-19, WebSearch) - 검증",높음(학습데이터 기반)
74,George Washington University,Washington,DC,Private,https://admissions.gwu.edu/,https://irp.gwu.edu/common-data-set,미검증(추정),미검증(추정),"라이브 검증(2026-09-19, WebSearch) - 검증",높음(학습데이터 기반)
75,Michigan State University,East Lansing,MI,Public,https://admissions.msu.edu/,https://ir.msu.edu/about-ir/data-availability,미검증(추정),미검증(추정),"라이브 검증(2026-09-19, WebSearch) - 검증",높음(학습데이터 기반)
76,North Carolina State University,Raleigh,NC,Public,https://www.ncsu.edu/admissions/,https://report.isa.ncsu.edu/ir/cds/,미검증(추정),미검증(추정),"라이브 검증(2026-09-19, WebSearch) - 검증",높음(학습데이터 기반)
77,University of Iowa,Iowa City,IA,Public,https://admissions.uiowa.edu/,https://provost.uiowa.edu/data-and-reports/common-data-set,미검증(추정),미검증(추정),"라이브 검증(2026-09-19, WebSearch) - 검증",높음(학습데이터 기반)
78,Auburn University,Auburn,AL,Public,https://www.auburn.edu/admissions/,https://auburn.edu/administration/ir/common-data-set/,미검증(추정),미검증(추정),"라이브 검증(2026-09-19, WebSearch) - 검증",높음(학습데이터 기반)
79,Brigham Young University,Provo,UT,Private,https://admissions.byu.edu/,https://data.byu.edu/common-data-set,미검증(추정),미검증(추정),"라이브 검증(2026-09-19, WebSearch) - 검증",높음(학습데이터 기반)
80,Lehigh University,Bethlehem,PA,Private,https://www1.lehigh.edu/admissions,https://data.lehigh.edu/common-data-set,미검증(추정),미검증(추정),"라이브 검증(2026-09-19, WebSearch) - 검증",높음(학습데이터 기반)
81,Loyola Marymount University,Los Angeles,CA,Private,https://admission.lmu.edu/,https://academics.lmu.edu/officeofinstitutionalresearch/officialstatisticsandotherreporting/commondatasetcds/,미검증(추정),미검증(추정),"라이브 검증(2026-09-19, WebSearch) - 검증",높음(학습데이터 기반)
82,Marquette University,Milwaukee,WI,Private,https://www.marquette.edu/admission/,https://www.marquette.edu/academic-effectiveness/institutional-research-analysis/public-reports/common-data-set.php,미검증(추정),미검증(추정),"라이브 검증(2026-09-19, WebSearch) - 검증",높음(학습데이터 기반)
83,Rutgers University-Newark,Newark,NJ,Public,https://admissions.newark.rutgers.edu/,https://oirap.rutgers.edu/CDS/,미검증(추정),미검증(추정),라이브 검색함(2026-09-19) - 검증(뉴브런즈윅과 동일 OIRAP 소스),높음(학습데이터 기반)
84,Santa Clara University,Santa Clara,CA,Private,https://www.scu.edu/admission/,https://www.scu.edu/institutional-research/data/common-data-set-cds/,미검증(추정),미검증(추정),"라이브 검증(2026-09-19, WebSearch) - 검증",높음(학습데이터 기반)
85,Seton Hall University,South Orange,NJ,Private,https://www.shu.edu/admissions/,https://www.shu.edu/,미검증(추정),미검증(추정),"라이브 검색함(2026-09-19) - 확인 필요(공개 CDS 최신본 링크 불확실, 2004-05본만 검색됨)",높음(학습데이터 기반)
86,University of Alabama,Tuscaloosa,AL,Public,https://gobama.ua.edu/,https://oira.ua.edu/,미검증(추정),미검증(추정),"라이브 검증(2026-09-19, WebSearch) - 검증",높음(학습데이터 기반)
87,University of Denver,Denver,CO,Private,https://www.du.edu/admission-aid,https://www.du.edu/ir/reporting/cds,미검증(추정),미검증(추정),"라이브 검증(2026-09-19, WebSearch) - 검증",높음(학습데이터 기반)
88,University of San Diego,San Diego,CA,Private,https://www.sandiego.edu/admissions/,https://www.sandiego.edu/facts/cds/,미검증(추정),미검증(추정),"라이브 검증(2026-09-19, WebSearch) - 검증",높음(학습데이터 기반)
89,Binghamton University (SUNY),Binghamton,NY,Public,https://www.binghamton.edu/admissions/,https://www.binghamton.edu/offices/oir/institutional-data/index.html,미검증(추정),미검증(추정),"라이브 검증(2026-09-19, WebSearch) - 검증",높음(학습데이터 기반)
90,Colorado State University,Fort Collins,CO,Public,https://admissions.colostate.edu/,https://www.ir.colostate.edu/common-data-set/,미검증(추정),미검증(추정),"라이브 검증(2026-09-19, WebSearch) - 검증",높음(학습데이터 기반)
91,Drexel University,Philadelphia,PA,Private,https://drexel.edu/admissions/,https://drexel.edu/institutionalresearch/university-data,미검증(추정),미검증(추정),"라이브 검증(2026-09-19, WebSearch) - 검증",높음(학습데이터 기반)
92,Florida International University,Miami,FL,Public,https://admissions.fiu.edu/,https://w3.fiu.edu/irdata/portal/cds.htm,미검증(추정),미검증(추정),"라이브 검증(2026-09-19, WebSearch) - 검증",높음(학습데이터 기반)
93,Illinois Institute of Technology,Chicago,IL,Private,https://admissions.iit.edu/,https://www.iit.edu/oii/common-data-set,미검증(추정),미검증(추정),"라이브 검증(2026-09-19, WebSearch) - 검증",높음(학습데이터 기반)
94,Miami University,Oxford,OH,Public,https://miamioh.edu/admission/,https://miamioh.edu/oir/data/cds/,미검증(추정),미검증(추정),"라이브 검증(2026-09-19, WebSearch) - 검증",높음(학습데이터 기반)
95,Ohio University,Athens,OH,Public,https://www.ohio.edu/admissions,https://www.ohio.edu/iea/historical-data/historic-common-data-set-reports,미검증(추정),미검증(추정),"라이브 검증(2026-09-19, WebSearch) - 검증",높음(학습데이터 기반)
96,Rutgers University-Camden,Camden,NJ,Public,https://admissions.camden.rutgers.edu/,https://oirap.rutgers.edu/CDS/,미검증(추정),미검증(추정),라이브 검색함(2026-09-19) - 검증(뉴브런즈윅과 동일 OIRAP 소스),높음(학습데이터 기반)
97,University at Buffalo (SUNY),Buffalo,NY,Public,https://admissions.buffalo.edu/,https://www.buffalo.edu/content/dam/www/oia/Common-Data-Sets/,미검증(추정),미검증(추정),"라이브 검증(2026-09-19, WebSearch) - 검증",높음(학습데이터 기반)
98,"University of California, Riverside",Riverside,CA,Public,https://admissions.ucr.edu/,https://ir.ucr.edu/cds,미검증(추정),미검증(추정),"라이브 검증(2026-09-19, WebSearch) - 검증",높음(학습데이터 기반)
99,University of Oregon,Eugene,OR,Public,https://admissions.uoregon.edu/,https://ir.uoregon.edu/,미검증(추정),미검증(추정),라이브 검색함(2026-09-19) - 확인 필요(CDS 정확 URL 미확정),높음(학습데이터 기반)
100,University of San Francisco,San Francisco,CA,Private,https://www.usfca.edu/admission,https://myusf.usfca.edu/,미검증(추정),미검증(추정),"라이브 검색함(2026-09-19) - 확인 필요(최신 CDS 링크 불확실, 2017-18본만 검색됨)",높음(학습데이터 기반)
101,"University of Tennessee, Knoxville",Knoxville,TN,Public,https://admissions.utk.edu/,https://irsa.utk.edu/reporting/common-data-set/,미검증(추정),미검증(추정),"라이브 검증(2026-09-19, WebSearch) - 검증",높음(학습데이터 기반)
102,University of Vermont,Burlington,VT,Public,https://admissions.uvm.edu/,https://www.uvm.edu/oira/common-data-set,미검증(추정),미검증(추정),"라이브 검증(2026-09-19, WebSearch) - 검증",높음(학습데이터 기반)
103,Clark University,Worcester,MA,Private,https://www.clarku.edu/admissions/,https://www.clarku.edu/saair/,미검증(추정),미검증(추정),"라이브 검증(2026-09-19, WebSearch) - 검증","중간(순위 정밀도 낮음, 학교명은 비교적 확실)"
104,DePaul University,Chicago,IL,Private,https://admission.depaul.edu/,https://irma.depaul.edu/,미검증(추정),미검증(추정),"라이브 검증(2026-09-19, WebSearch) - 검증","중간(순위 정밀도 낮음, 학교명은 비교적 확실)"
105,Iowa State University,Ames,IA,Public,https://www.admissions.iastate.edu/,https://www.ir.iastate.edu/common-data-set,미검증(추정),미검증(추정),"라이브 검증(2026-09-19, WebSearch) - 검증","중간(순위 정밀도 낮음, 학교명은 비교적 확실)"
106,Louisiana State University,Baton Rouge,LA,Public,https://www.lsu.edu/admissions/,https://www.lsu.edu/data/common-data-set/index.php,미검증(추정),미검증(추정),"라이브 검증(2026-09-19, WebSearch) - 검증","중간(순위 정밀도 낮음, 학교명은 비교적 확실)"
107,Saint Louis University,St. Louis,MO,Private,https://www.slu.edu/admission/,https://www.slu.edu/provost/office-of-institutional-research/institutional-data/,미검증(추정),미검증(추정),"라이브 검증(2026-09-19, WebSearch) - 검증","중간(순위 정밀도 낮음, 학교명은 비교적 확실)"
108,Temple University,Philadelphia,PA,Public,https://www.temple.edu/admissions,https://ira.temple.edu/facts-and-figures/compliance-reports,미검증(추정),미검증(추정),"라이브 검증(2026-09-19, WebSearch) - 검증","중간(순위 정밀도 낮음, 학교명은 비교적 확실)"
109,University at Albany (SUNY),Albany,NY,Public,https://www.albany.edu/admissions,https://www.albany.edu/ir/data-available,미검증(추정),미검증(추정),"라이브 검증(2026-09-19, WebSearch) - 검증","중간(순위 정밀도 낮음, 학교명은 비교적 확실)"
110,University of Alabama at Birmingham,Birmingham,AL,Public,https://www.uab.edu/admissions/,https://www.uab.edu/institutionaleffectiveness/,미검증(추정),미검증(추정),"라이브 검증(2026-09-19, WebSearch) - 검증","중간(순위 정밀도 낮음, 학교명은 비교적 확실)"
111,University of Arizona,Tucson,AZ,Public,https://www.arizona.edu/admissions,https://uair.arizona.edu/content/common-data-set,미검증(추정),미검증(추정),"라이브 검증(2026-09-19, WebSearch) - 검증","중간(순위 정밀도 낮음, 학교명은 비교적 확실)"
112,University of Kansas,Lawrence,KS,Public,https://admissions.ku.edu/,https://aire.ku.edu/common-data-set,미검증(추정),미검증(추정),"라이브 검증(2026-09-19, WebSearch) - 검증","중간(순위 정밀도 낮음, 학교명은 비교적 확실)"
113,University of Nebraska-Lincoln,Lincoln,NE,Public,https://admissions.unl.edu/,https://iea.unl.edu/publication/common-data-set/,미검증(추정),미검증(추정),"라이브 검증(2026-09-19, WebSearch) - 검증","중간(순위 정밀도 낮음, 학교명은 비교적 확실)"
114,University of New Hampshire,Durham,NH,Public,https://admissions.unh.edu/,https://www.unh.edu/institutional-research/data-reports/common-data-set,미검증(추정),미검증(추정),"라이브 검증(2026-09-19, WebSearch) - 검증","중간(순위 정밀도 낮음, 학교명은 비교적 확실)"
115,University of Utah,Salt Lake City,UT,Public,https://admissions.utah.edu/,https://data.utah.edu/data-dashboard/common-data-set/,미검증(추정),미검증(추정),"라이브 검증(2026-09-19, WebSearch) - 검증","중간(순위 정밀도 낮음, 학교명은 비교적 확실)"
116,Adelphi University,Garden City,NY,Private,https://admissions.adelphi.edu/,https://www.adelphi.edu/institutional-research/research/data/,미검증(추정),미검증(추정),"라이브 검증(2026-09-19, WebSearch) - 확인 필요(최신 CDS 링크는 오래된 버전만 검색됨)","중간(순위 정밀도 낮음, 학교명은 비교적 확실)"
117,Arizona State University,Tempe,AZ,Public,https://admission.asu.edu/,https://uoia.asu.edu/common-data-set,미검증(추정),미검증(추정),"라이브 검증(2026-09-19, WebSearch) - 검증","중간(순위 정밀도 낮음, 학교명은 비교적 확실)"
118,James Madison University,Harrisonburg,VA,Public,https://www.jmu.edu/admissions/,https://www.jmu.edu/pair/ir/common-data-set/index.shtml,미검증(추정),미검증(추정),"라이브 검증(2026-09-19, WebSearch) - 검증","중간(순위 정밀도 낮음, 학교명은 비교적 확실)"
119,Chapman University,Orange,CA,Private,https://www.chapman.edu/admission/,https://www.chapman.edu/campus-services/institutional-research/,미검증(추정),미검증(추정),"라이브 검증(2026-09-19, WebSearch) - 검증","중간(순위 정밀도 낮음, 학교명은 비교적 확실)"
120,Gonzaga University,Spokane,WA,Private,https://www.gonzaga.edu/admission-aid,https://www.gonzaga.edu/-/media/Website/Documents/About/Offices-and-Services/Institutional-Research/,미검증(추정),미검증(추정),"라이브 검증(2026-09-19, WebSearch) - 검증","중간(순위 정밀도 낮음, 학교명은 비교적 확실)"
121,Hofstra University,Hempstead,NY,Private,https://www.hofstra.edu/admission/,https://issuu.com/hofstra,미검증(추정),미검증(추정),"라이브 검증(2026-09-19, WebSearch) - 확인 필요(CDS가 대학 자체 도메인이 아닌 Issuu 호스팅)","중간(순위 정밀도 낮음, 학교명은 비교적 확실)"
122,Howard University,Washington,DC,Private,https://admission.howard.edu/,https://ira.howard.edu/,미검증(추정),미검증(추정),"라이브 검증(2026-09-19, WebSearch) - 검증","중간(순위 정밀도 낮음, 학교명은 비교적 확실)"
123,Kansas State University,Manhattan,KS,Public,https://www.k-state.edu/admissions/,https://www.k-state.edu/data/institutional-research/resources/common-data-set/,미검증(추정),미검증(추정),"라이브 검증(2026-09-19, WebSearch) - 검증","중간(순위 정밀도 낮음, 학교명은 비교적 확실)"
124,Mississippi State University,Starkville,MS,Public,https://www.admissions.msstate.edu/,https://www.oire.msstate.edu/,미검증(추정),미검증(추정),"라이브 검증(2026-09-19, WebSearch) - 확인 필요(공식 CDS URL 미확정, scholarsjunction 저장소만 검색됨)","중간(순위 정밀도 낮음, 학교명은 비교적 확실)"
125,New Jersey Institute of Technology,Newark,NJ,Public,https://www.njit.edu/admissions/,https://www.njit.edu/,미검증(추정),미검증(추정),"라이브 검증(2026-09-19, WebSearch) - 확인 필요(CDS 정확 URL 미확정)","중간(순위 정밀도 낮음, 학교명은 비교적 확실)"
126,Oklahoma State University,Stillwater,OK,Public,https://admissions.okstate.edu/,https://ira.okstate.edu/cds,미검증(추정),미검증(추정),"라이브 검증(2026-09-19, WebSearch) - 검증","중간(순위 정밀도 낮음, 학교명은 비교적 확실)"
127,Oregon State University,Corvallis,OR,Public,https://admissions.oregonstate.edu/,https://institutionalresearch.oregonstate.edu/common-data-set,미검증(추정),미검증(추정),"라이브 검증(2026-09-19, WebSearch) - 검증","중간(순위 정밀도 낮음, 학교명은 비교적 확실)"
128,Rowan University,Glassboro,NJ,Public,https://admissions.rowan.edu/,https://sites.rowan.edu/academic-affairs/ida/institutional-research/,미검증(추정),미검증(추정),"라이브 검증(2026-09-19, WebSearch) - 검증","중간(순위 정밀도 낮음, 학교명은 비교적 확실)"
129,St. John's University,Queens,NY,Private,https://www.stjohns.edu/admission,https://www.stjohns.edu/academics/schools/st-johns-college-liberal-arts-and-sciences/programs/student-admissions-outcomes-and-other-data,미검증(추정),미검증(추정),"라이브 검증(2026-09-19, WebSearch) - 확인 필요(공식 CDS 링크 미확정)","중간(순위 정밀도 낮음, 학교명은 비교적 확실)"
130,Stony Brook University (SUNY),Stony Brook,NY,Public,https://www.stonybrook.edu/admissions/,https://www.stonybrook.edu/commcms/irpe/fact_book/,미검증(추정),미검증(추정),"라이브 검증(2026-09-19, WebSearch) - 검증","중간(순위 정밀도 낮음, 학교명은 비교적 확실)"
131,Texas Tech University,Lubbock,TX,Public,https://www.depts.ttu.edu/officialpublications/admissions/,https://www.depts.ttu.edu/irim/commondatasets/index.php,미검증(추정),미검증(추정),"라이브 검증(2026-09-19, WebSearch) - 검증","중간(순위 정밀도 낮음, 학교명은 비교적 확실)"
132,University of Central Florida,Orlando,FL,Public,https://admissions.ucf.edu/,https://analytics.ucf.edu/,미검증(추정),미검증(추정),"라이브 검증(2026-09-19, WebSearch) - 검증","중간(순위 정밀도 낮음, 학교명은 비교적 확실)"
133,University of Cincinnati,Cincinnati,OH,Public,https://admissions.uc.edu/,https://www.uc.edu/about/provost/colleges-and-offices/offices/institutional-research/facts-dashboards.html,미검증(추정),미검증(추정),"라이브 검증(2026-09-19, WebSearch) - 검증","중간(순위 정밀도 낮음, 학교명은 비교적 확실)"
134,University of Colorado Boulder,Boulder,CO,Public,https://www.colorado.edu/admissions/,https://data.colorado.edu/reports/common-data-set,미검증(추정),미검증(추정),"라이브 검증(2026-09-19, WebSearch) - 검증","중간(순위 정밀도 낮음, 학교명은 비교적 확실)"
135,University of Dayton,Dayton,OH,Private,https://www.udayton.edu/admission/,https://udayton.edu/provost/ods/common_data_set.php,미검증(추정),미검증(추정),"라이브 검증(2026-09-19, WebSearch) - 검증","중간(순위 정밀도 낮음, 학교명은 비교적 확실)"
136,University of Hawaii at Manoa,Honolulu,HI,Public,https://manoa.hawaii.edu/admissions/,https://manoa.hawaii.edu/miro/,미검증(추정),미검증(추정),"라이브 검증(2026-09-19, WebSearch) - 검증","중간(순위 정밀도 낮음, 학교명은 비교적 확실)"
137,University of Missouri,Columbia,MO,Public,https://admissions.missouri.edu/,https://udair.missouri.edu/campus-data/,미검증(추정),미검증(추정),"라이브 검증(2026-09-19, WebSearch) - 확인 필요(CDS 정확 URL 미확정, campus-data 페이지만 확인)","중간(순위 정밀도 낮음, 학교명은 비교적 확실)"
138,University of Oklahoma,Norman,OK,Public,https://www.ou.edu/admissions,https://www.ou.edu/content/dam/irr/docs/Common%20Data%20Sets/,미검증(추정),미검증(추정),"라이브 검증(2026-09-19, WebSearch) - 검증","중간(순위 정밀도 낮음, 학교명은 비교적 확실)"
139,University of South Carolina,Columbia,SC,Public,https://www.sc.edu/about/offices_and_divisions/undergraduate_admissions/,https://sc.edu/about/offices_and_divisions/institutional_research_assessment_and_analytics/institutional_effectiveness/common_data_set/index.php,미검증(추정),미검증(추정),"라이브 검증(2026-09-19, WebSearch) - 검증","중간(순위 정밀도 낮음, 학교명은 비교적 확실)"
140,University of Tulsa,Tulsa,OK,Private,https://utulsa.edu/admission/,https://utulsa.edu/about/why-tu/assessment-initiatives/student-achievement-data/,미검증(추정),미검증(추정),"라이브 검증(2026-09-19, WebSearch) - 확인 필요(CDS 전용 페이지 미확정)","중간(순위 정밀도 낮음, 학교명은 비교적 확실)"
141,Washington State University,Pullman,WA,Public,https://admission.wsu.edu/,https://strategy.wsu.edu/institutional-data/federal/,미검증(추정),미검증(추정),"라이브 검증(2026-09-19, WebSearch) - 검증","중간(순위 정밀도 낮음, 학교명은 비교적 확실)"
142,Andrews University,Berrien Springs,MI,Private,https://www.andrews.edu/admissions/,https://www.andrews.edu/,미검증(추정),미검증(추정),"라이브 검증(2026-09-19, WebSearch) - 확인 필요(공식 CDS 페이지 검색되지 않음)","낮음(순위 근사치 - 150~200위대는 정확한 순번 아님, 대략적 포함 여부만 참고)"
143,Ball State University,Muncie,IN,Public,https://www.bsu.edu/admissions,https://www.bsu.edu/about/administrativeoffices/oirds,미검증(추정),미검증(추정),"라이브 검증(2026-09-19, WebSearch) - 검증","낮음(순위 근사치 - 150~200위대는 정확한 순번 아님, 대략적 포함 여부만 참고)"
144,Bowling Green State University,Bowling Green,OH,Public,https://www.bgsu.edu/admissions.html,https://www.bgsu.edu/institutional-research.html,미검증(추정),미검증(추정),"라이브 검증(2026-09-19, WebSearch) - 확인 필요(CDS 페이지 자체는 못 찾음, IR 부서만 확인)","낮음(순위 근사치 - 150~200위대는 정확한 순번 아님, 대략적 포함 여부만 참고)"
145,Catholic University of America,Washington,DC,Private,https://admissions.catholic.edu/,https://ir.catholic.edu/,미검증(추정),미검증(추정),"라이브 검증(2026-09-19, WebSearch) - 검증(CDS 전용 하위페이지는 미확정)","낮음(순위 근사치 - 150~200위대는 정확한 순번 아님, 대략적 포함 여부만 참고)"
146,Clarkson University,Potsdam,NY,Private,https://www.clarkson.edu/admissions,https://www.clarkson.edu/,미검증(추정),미검증(추정),"라이브 검증(2026-09-19, WebSearch) - 확인 필요(공식 CDS 페이지 검색되지 않음)","낮음(순위 근사치 - 150~200위대는 정확한 순번 아님, 대략적 포함 여부만 참고)"
147,Duquesne University,Pittsburgh,PA,Private,https://www.duq.edu/admissions,https://www.duq.edu/about/departments-and-offices/finance-and-business/planning-budgeting-and-institutional-research/common-data-set.php,미검증(추정),미검증(추정),"라이브 검증(2026-09-19, WebSearch) - 검증","낮음(순위 근사치 - 150~200위대는 정확한 순번 아님, 대략적 포함 여부만 참고)"
148,East Carolina University,Greenville,NC,Public,https://admissions.ecu.edu/,https://ipar.ecu.edu/,미검증(추정),미검증(추정),"라이브 검증(2026-09-19, WebSearch) - 검증","낮음(순위 근사치 - 150~200위대는 정확한 순번 아님, 대략적 포함 여부만 참고)"
149,Florida Atlantic University,Boca Raton,FL,Public,https://www.fau.edu/admissions/,https://www.fau.edu/iea/data/cds/,미검증(추정),미검증(추정),"라이브 검증(2026-09-19, WebSearch) - 검증","낮음(순위 근사치 - 150~200위대는 정확한 순번 아님, 대략적 포함 여부만 참고)"
150,George Mason University,Fairfax,VA,Public,https://www2.gmu.edu/admissions-aid,https://oiep.gmu.edu/resources/common-data-set/,미검증(추정),미검증(추정),"라이브 검증(2026-09-19, WebSearch) - 검증","낮음(순위 근사치 - 150~200위대는 정확한 순번 아님, 대략적 포함 여부만 참고)"
151,Georgia State University,Atlanta,GA,Public,https://admissions.gsu.edu/,https://oie.gsu.edu/data-reporting-systems/common-data-set/,미검증(추정),미검증(추정),"라이브 검증(2026-09-19, WebSearch) - 검증","낮음(순위 근사치 - 150~200위대는 정확한 순번 아님, 대략적 포함 여부만 참고)"
152,Idaho State University,Pocatello,ID,Public,https://www.isu.edu/admissions/,https://www.isu.edu/institutionalresearch/Common%20Data%20Sets,미검증(추정),미검증(추정),"라이브 검증(2026-09-19, WebSearch) - 검증","낮음(순위 근사치 - 150~200위대는 정확한 순번 아님, 대략적 포함 여부만 참고)"
153,Illinois State University,Normal,IL,Public,https://admissions.illinoisstate.edu/,https://prpa.illinoisstate.edu/data-center/,미검증(추정),미검증(추정),"라이브 검증(2026-09-19, WebSearch) - 검증","낮음(순위 근사치 - 150~200위대는 정확한 순번 아님, 대략적 포함 여부만 참고)"
154,Indiana University-Purdue University Indianapolis,Indianapolis,IN,Public,https://admissions.iu.edu/indianapolis/,https://www.purdue.edu/idata/products-services/common-data-set.php,미검증(추정),미검증(추정),"라이브 검증(2026-09-19, WebSearch) - 확인 필요(2024년 IU Indianapolis로 분리 개편, CDS 소재 재확인 필요)","낮음(순위 근사치 - 150~200위대는 정확한 순번 아님, 대략적 포함 여부만 참고)"
155,Kent State University,Kent,OH,Public,https://www.kent.edu/admissions,https://www.kent.edu/ir/common-dataset-cds,미검증(추정),미검증(추정),"라이브 검증(2026-09-19, WebSearch) - 검증","낮음(순위 근사치 - 150~200위대는 정확한 순번 아님, 대략적 포함 여부만 참고)"
156,Loyola University Chicago,Chicago,IL,Private,https://www.luc.edu/undergrad/,https://www.luc.edu/oira/institutionaldata/commondataset/,미검증(추정),미검증(추정),"라이브 검증(2026-09-19, WebSearch) - 검증","낮음(순위 근사치 - 150~200위대는 정확한 순번 아님, 대략적 포함 여부만 참고)"
157,Montclair State University,Montclair,NJ,Public,https://www.montclair.edu/admissions/,https://www.montclair.edu/provost/common-data-set/,미검증(추정),미검증(추정),"라이브 검증(2026-09-19, WebSearch) - 검증","낮음(순위 근사치 - 150~200위대는 정확한 순번 아님, 대략적 포함 여부만 참고)"
158,Morgan State University,Baltimore,MD,Public,https://www.morgan.edu/admissions,https://www.morgan.edu/,미검증(추정),미검증(추정),"라이브 검증(2026-09-19, WebSearch) - 확인 필요(공식 CDS 페이지 검색되지 않음)","낮음(순위 근사치 - 150~200위대는 정확한 순번 아님, 대략적 포함 여부만 참고)"
159,North Dakota State University,Fargo,ND,Public,https://www.ndsu.edu/admission/,https://www.ndsu.edu/,미검증(추정),미검증(추정),"라이브 검증(2026-09-19, WebSearch) - 확인 필요(공식 CDS 페이지 검색되지 않음)","낮음(순위 근사치 - 150~200위대는 정확한 순번 아님, 대략적 포함 여부만 참고)"
160,Northern Arizona University,Flagstaff,AZ,Public,https://nau.edu/admissions/,https://in.nau.edu/institutional-research/reports/,미검증(추정),미검증(추정),"라이브 검증(2026-09-19, WebSearch) - 검증","낮음(순위 근사치 - 150~200위대는 정확한 순번 아님, 대략적 포함 여부만 참고)"
161,Old Dominion University,Norfolk,VA,Public,https://www.odu.edu/admission,https://www.odu.edu/sites/default/files/2025/documents/,미검증(추정),미검증(추정),"라이브 검증(2026-09-19, WebSearch) - 검증","낮음(순위 근사치 - 150~200위대는 정확한 순번 아님, 대략적 포함 여부만 참고)"
162,Pace University,New York,NY,Private,https://www.pace.edu/admission,https://www.pace.edu/sites/default/files/,미검증(추정),미검증(추정),"라이브 검증(2026-09-19, WebSearch) - 검증","낮음(순위 근사치 - 150~200위대는 정확한 순번 아님, 대략적 포함 여부만 참고)"
163,Saint Joseph's University,Philadelphia,PA,Private,https://www.sju.edu/admission,https://www.sju.edu/,미검증(추정),미검증(추정),"라이브 검증(2026-09-19, WebSearch) - 확인 필요(공식 CDS 페이지 검색되지 않음)","낮음(순위 근사치 - 150~200위대는 정확한 순번 아님, 대략적 포함 여부만 참고)"
164,South Dakota State University,Brookings,SD,Public,https://www.sdstate.edu/admissions,https://www.sdstate.edu/office-institutional-research-assessment/institutional-data,미검증(추정),미검증(추정),"라이브 검증(2026-09-19, WebSearch) - 검증","낮음(순위 근사치 - 150~200위대는 정확한 순번 아님, 대략적 포함 여부만 참고)"
165,Southern Illinois University Carbondale,Carbondale,IL,Public,https://admissions.siu.edu/,https://siu.edu/,미검증(추정),미검증(추정),"라이브 검증(2026-09-19, WebSearch) - 확인 필요(공식 CDS 페이지 검색되지 않음)","낮음(순위 근사치 - 150~200위대는 정확한 순번 아님, 대략적 포함 여부만 참고)"
166,SUNY College of Environmental Science and Forestry,Syracuse,NY,Public,https://www.esf.edu/admissions/,https://www.esf.edu/,미검증(추정),미검증(추정),"라이브 검증(2026-09-19, WebSearch) - 확인 필요(공식 CDS 페이지 검색되지 않음)","낮음(순위 근사치 - 150~200위대는 정확한 순번 아님, 대략적 포함 여부만 참고)"
167,Texas State University,San Marcos,TX,Public,https://www.txst.edu/admissions.html,https://www.ir.txstate.edu/reports-projects/common-data-set,미검증(추정),미검증(추정),"라이브 검증(2026-09-19, WebSearch) - 검증","낮음(순위 근사치 - 150~200위대는 정확한 순번 아님, 대략적 포함 여부만 참고)"
168,Middle Tennessee State University,Murfreesboro,TN,Public,https://www.mtsu.edu/admissions/,https://www.mtsu.edu/iepr/,미검증(추정),미검증(추정),"라이브 검증(2026-09-19, WebSearch) - 확인 필요(CDS 전용 URL 미확정, IEPR 부서만 확인)","낮음(순위 근사치 - 150~200위대는 정확한 순번 아님, 대략적 포함 여부만 참고)"
169,University of Alabama in Huntsville,Huntsville,AL,Public,https://www.uah.edu/admissions,https://www.uah.edu/academic-affairs/offices/oirea/common-data-sets,미검증(추정),미검증(추정),"라이브 검증(2026-09-19, WebSearch) - 검증","낮음(순위 근사치 - 150~200위대는 정확한 순번 아님, 대략적 포함 여부만 참고)"
170,University of Arkansas,Fayetteville,AR,Public,https://admissions.uark.edu/,https://osai.uark.edu/datasets/cds/,미검증(추정),미검증(추정),"라이브 검증(2026-09-19, WebSearch) - 검증","낮음(순위 근사치 - 150~200위대는 정확한 순번 아님, 대략적 포함 여부만 참고)"
171,University of Idaho,Moscow,ID,Public,https://www.uidaho.edu/admissions,https://www.uidaho.edu/provost/ir/institutional-data/common-data-set,미검증(추정),미검증(추정),"라이브 검증(2026-09-19, WebSearch) - 검증","낮음(순위 근사치 - 150~200위대는 정확한 순번 아님, 대략적 포함 여부만 참고)"
172,University of Kentucky,Lexington,KY,Public,https://admission.uky.edu/,https://irads.uky.edu/common-data-set,미검증(추정),미검증(추정),"라이브 검증(2026-09-19, WebSearch) - 검증","낮음(순위 근사치 - 150~200위대는 정확한 순번 아님, 대략적 포함 여부만 참고)"
173,University of Louisiana at Lafayette,Lafayette,LA,Public,https://admissions.louisiana.edu/,https://getdata.louisiana.edu/,미검증(추정),미검증(추정),"라이브 검증(2026-09-19, WebSearch) - 검증","낮음(순위 근사치 - 150~200위대는 정확한 순번 아님, 대략적 포함 여부만 참고)"
174,University of Louisville,Louisville,KY,Public,https://louisville.edu/admissions,https://louisville.edu/about/departments/academic-planning-accountability/university-data/common-data-set,미검증(추정),미검증(추정),"라이브 검증(2026-09-19, WebSearch) - 검증","낮음(순위 근사치 - 150~200위대는 정확한 순번 아님, 대략적 포함 여부만 참고)"
175,University of Maine,Orono,ME,Public,https://admissions.umaine.edu/,https://umaine.edu/oira/reporting/admissions/,미검증(추정),미검증(추정),"라이브 검증(2026-09-19, WebSearch) - 검증","낮음(순위 근사치 - 150~200위대는 정확한 순번 아님, 대략적 포함 여부만 참고)"
176,University of Massachusetts Boston,Boston,MA,Public,https://www.umb.edu/admissions/,https://www.umb.edu/oirap/facts/common-data-set/,미검증(추정),미검증(추정),"라이브 검증(2026-09-19, WebSearch) - 검증","낮음(순위 근사치 - 150~200위대는 정확한 순번 아님, 대략적 포함 여부만 참고)"
177,University of Massachusetts Lowell,Lowell,MA,Public,https://www.uml.edu/admissions/,https://www.uml.edu/institutional-research/,미검증(추정),미검증(추정),"라이브 검증(2026-09-19, WebSearch) - 검증","낮음(순위 근사치 - 150~200위대는 정확한 순번 아님, 대략적 포함 여부만 참고)"
178,University of Memphis,Memphis,TN,Public,https://www.memphis.edu/admissions/,https://www.memphis.edu/oir/,미검증(추정),미검증(추정),"라이브 검증(2026-09-19, WebSearch) - 확인 필요(CDS 전용 URL 미확정)","낮음(순위 근사치 - 150~200위대는 정확한 순번 아님, 대략적 포함 여부만 참고)"
179,University of Mississippi,Oxford,MS,Public,https://admissions.olemiss.edu/,https://olemiss.edu/irep/institutional-research/common-data/,미검증(추정),미검증(추정),"라이브 검증(2026-09-19, WebSearch) - 검증","낮음(순위 근사치 - 150~200위대는 정확한 순번 아님, 대략적 포함 여부만 참고)"
180,University of Montana,Missoula,MT,Public,https://www.umt.edu/admissions/,https://www.umt.edu/institutional-research/data_reports/common_data_set.php,미검증(추정),미검증(추정),"라이브 검증(2026-09-19, WebSearch) - 검증","낮음(순위 근사치 - 150~200위대는 정확한 순번 아님, 대략적 포함 여부만 참고)"
181,"University of Nevada, Las Vegas",Las Vegas,NV,Public,https://www.unlv.edu/admissions,https://www.unlv.edu/,미검증(추정),미검증(추정),"라이브 검증(2026-09-19, WebSearch) - 확인 필요(공식 CDS 페이지 검색되지 않음)","낮음(순위 근사치 - 150~200위대는 정확한 순번 아님, 대략적 포함 여부만 참고)"
182,"University of Nevada, Reno",Reno,NV,Public,https://www.unr.edu/admissions,https://dataden.unr.edu/CommonDataSet,미검증(추정),미검증(추정),"라이브 검증(2026-09-19, WebSearch) - 검증","낮음(순위 근사치 - 150~200위대는 정확한 순번 아님, 대략적 포함 여부만 참고)"
183,University of New Mexico,Albuquerque,NM,Public,https://admissions.unm.edu/,https://oia.unm.edu/facts-and-figures/common-data-set.html,미검증(추정),미검증(추정),"라이브 검증(2026-09-19, WebSearch) - 검증","낮음(순위 근사치 - 150~200위대는 정확한 순번 아님, 대략적 포함 여부만 참고)"
184,University of New Orleans,New Orleans,LA,Public,https://www.uno.edu/admissions,https://www.uno.edu/oier/facts,미검증(추정),미검증(추정),"라이브 검증(2026-09-19, WebSearch) - 검증(최신본은 2018-19까지만 확인됨)","낮음(순위 근사치 - 150~200위대는 정확한 순번 아님, 대략적 포함 여부만 참고)"
185,University of North Dakota,Grand Forks,ND,Public,https://und.edu/admissions/,https://und.edu/analytics-and-planning/data-and-reports/common-data-set.html,미검증(추정),미검증(추정),"라이브 검증(2026-09-19, WebSearch) - 검증","낮음(순위 근사치 - 150~200위대는 정확한 순번 아님, 대략적 포함 여부만 참고)"
186,University of North Texas,Denton,TX,Public,https://admissions.unt.edu/,https://institutionalresearch.unt.edu/common-data-set.html,미검증(추정),미검증(추정),"라이브 검증(2026-09-19, WebSearch) - 검증","낮음(순위 근사치 - 150~200위대는 정확한 순번 아님, 대략적 포함 여부만 참고)"
187,University of Rhode Island,Kingston,RI,Public,https://admission.uri.edu/,https://web.uri.edu/ir/data/common/,미검증(추정),미검증(추정),"라이브 검증(2026-09-19, WebSearch) - 검증","낮음(순위 근사치 - 150~200위대는 정확한 순번 아님, 대략적 포함 여부만 참고)"
188,University of South Alabama,Mobile,AL,Public,https://www.southalabama.edu/admissions/,https://www.southalabama.edu/departments/institutionalresearch/commondataset.html,미검증(추정),미검증(추정),"라이브 검증(2026-09-19, WebSearch) - 검증","낮음(순위 근사치 - 150~200위대는 정확한 순번 아님, 대략적 포함 여부만 참고)"
189,University of South Dakota,Vermillion,SD,Public,https://www.usd.edu/admissions,https://www.usd.edu/About/Departments-Offices-and-Resources/Institutional-Research-Planning-and-Assessment,미검증(추정),미검증(추정),"라이브 검증(2026-09-19, WebSearch) - 검증","낮음(순위 근사치 - 150~200위대는 정확한 순번 아님, 대략적 포함 여부만 참고)"
190,University of South Florida,Tampa,FL,Public,https://www.usf.edu/admissions/,https://www.usf.edu/ods/data-tools/cds.aspx,미검증(추정),미검증(추정),"라이브 검증(2026-09-19, WebSearch) - 검증","낮음(순위 근사치 - 150~200위대는 정확한 순번 아님, 대략적 포함 여부만 참고)"
191,University of Southern Mississippi,Hattiesburg,MS,Public,https://www.usm.edu/undergraduate-admissions/,https://www.usm.edu/institutional-research/quick-facts.php,미검증(추정),미검증(추정),"라이브 검증(2026-09-19, WebSearch) - 검증","낮음(순위 근사치 - 150~200위대는 정확한 순번 아님, 대략적 포함 여부만 참고)"
192,University of Texas at Arlington,Arlington,TX,Public,https://www.uta.edu/admissions,https://www.uta.edu/administration/analytics/reports,미검증(추정),미검증(추정),"라이브 검증(2026-09-19, WebSearch) - 검증","낮음(순위 근사치 - 150~200위대는 정확한 순번 아님, 대략적 포함 여부만 참고)"
193,University of Texas at Dallas,Richardson,TX,Public,https://www.utdallas.edu/admissions/,https://dox.utdallas.edu/,미검증(추정),미검증(추정),"라이브 검증(2026-09-19, WebSearch) - 검증","낮음(순위 근사치 - 150~200위대는 정확한 순번 아님, 대략적 포함 여부만 참고)"
194,University of Texas at San Antonio,San Antonio,TX,Public,https://future.utsa.edu/,https://www.utsa.edu/ir/content/resources/commonDataSet.html,미검증(추정),미검증(추정),"라이브 검증(2026-09-19, WebSearch) - 검증","낮음(순위 근사치 - 150~200위대는 정확한 순번 아님, 대략적 포함 여부만 참고)"
195,University of Toledo,Toledo,OH,Public,https://www.utoledo.edu/admission/,https://www.utoledo.edu/offices/institutional-research/report-library/common-data-set/,미검증(추정),미검증(추정),"라이브 검증(2026-09-19, WebSearch) - 검증","낮음(순위 근사치 - 150~200위대는 정확한 순번 아님, 대략적 포함 여부만 참고)"
196,University of Wisconsin-Milwaukee,Milwaukee,WI,Public,https://uwm.edu/admission/,https://uwm.edu/institutional-research/,미검증(추정),미검증(추정),"라이브 검증(2026-09-19, WebSearch) - 검증","낮음(순위 근사치 - 150~200위대는 정확한 순번 아님, 대략적 포함 여부만 참고)"
197,University of Wyoming,Laramie,WY,Public,https://www.uwyo.edu/admissions/,https://www.uwyo.edu/oia/cds.html,미검증(추정),미검증(추정),"라이브 검증(2026-09-19, WebSearch) - 검증","낮음(순위 근사치 - 150~200위대는 정확한 순번 아님, 대략적 포함 여부만 참고)"
198,Utah State University,Logan,UT,Public,https://www.usu.edu/admissions/,https://www.usu.edu/oda/analysis/common-data-set,미검증(추정),미검증(추정),"라이브 검증(2026-09-19, WebSearch) - 검증","낮음(순위 근사치 - 150~200위대는 정확한 순번 아님, 대략적 포함 여부만 참고)"
199,Virginia Commonwealth University,Richmond,VA,Public,https://admissions.vcu.edu/,https://irds.vcu.edu/,미검증(추정),미검증(추정),"라이브 검증(2026-09-19, WebSearch) - 검증","낮음(순위 근사치 - 150~200위대는 정확한 순번 아님, 대략적 포함 여부만 참고)"
200,West Virginia University,Morgantown,WV,Public,https://admissions.wvu.edu/,https://dataoffice.wvu.edu/reports-analytics/common-data-set,미검증(추정),미검증(추정),"라이브 검증(2026-09-19, WebSearch) - 검증","낮음(순위 근사치 - 150~200위대는 정확한 순번 아님, 대략적 포함 여부만 참고)"
